Workbook

Sheet DADOS DE VENDA
B1: SEGUNDA | H1: TERÇA | N1: QUARTA | T1: QUINTA | Z1: SEXTA | AF1: SABADO | AL1: DOMINGO | AQ1: MEDIA DO PERIODO 03/11 A 10/11
A2: Produto | B2: Descrição | C2: Código de Barras | D2: Quantidade | E2: DATA | G2: Produto | H2: Descrição | I2: Código de Barras | J2: Quantidade | K2: DATA | M2: Produto | N2: Descrição | O2: Código de Barras | P2: Quantidade | Q2: DATA | S2: Produto | T2: Descrição | U2: Código de Barras | V2: Quantidade | W2: DATA | Y2: Produto | Z2: Descrição | AA2: Código de Barras | AB2: Quantidade | AC2: DATA | AE2: Produto | AF2: Descrição | AG2: Código de Barras | AH2: Quantidade | AI2: DATA | AK2: Produto | AL2: Descrição | AM2: Código de Barras | AN2: Quantidade | AO2: DATA | AQ2: Produto | AR2: Descrição | AS2: Código de Barras | AT2: Quantidade | AU2: Venda Líquida | AV2: MEDIA QTD | AW2: MEDIA VALOR | AZ2: =SUMIF(AR:AR,AY2,AT:AT) -> 0
A3: 8966 | B3: REFEICAO ISCA DE FRANGO A MILANESA BENDITO | C3: 8966 | D3: 12 | E3: 19/01 a20/01 | G3: 7930 | H3: REF COPA LOMBO ACEBOLADA BENDITO | I3: 7930 | J3: 10 | K3: 20/01 a 21/01 | M3: 9350 | N3: COMBO SUSHI KANI/HOTHOLL/CALIFORNIA BENDITO UN | O3: 9350 | P3: 1 | Q3: 21/01 a 22/01 | S3: 7574 | T3: PATE DE AZEITONA PRETA BENDITO KG | U3: 7574 | V3: 0.18 | W3: 15/01 a 016/01 | Y3: 2893 | Z3: ASS.FRANGO METADE BENDITO UNIDADE | AA3: 2893 | AB3: 10 | AC3: 16/01 a 17/01 | AE3: 93583 | AF3: ASS.FRANGO BENDITO INTEIRO | AG3: 93583 | AH3: 6 | AI3: 17/01 a 18/01 | AK3: 7041 | AL3: BOLO BANANA BENDITO KG | AM3: 7041 | AN3: 0.95 | AO3: 20/10 A 23/10 | AQ3: 7068 | AR3: BOLO CENOURA COBERTURA CHOCOLATE BENDITO KG | AS3: 7068 | AT3: 20.51 | AU3: 1023.49 | AV3: =(AT3/7) -> 2.93 | AW3: =(AU3/7) -> 146.21286
A4: 7768 | B4: REFEICAO LAGARTO M.MADEIRA + BATATA ASSADA BENDITO | C4: 7768 | D4: 10 | E4: =(E3) -> 19/01 a20/01 | G4: 7673 | H4: REFEICAO FILE FRANGO PARMEGIANA BENDITO UN | I4: 7673 | J4: 14 | K4: =(K3) -> 20/01 a 21/01 | M4: 7930 | N4: REF COPA LOMBO ACEBOLADA BENDITO | O4: 7930 | P4: 10 | Q4: =(Q3) -> 21/01 a 22/01 | S4: 7625 | T4: REFEICAO CARNE PANELA BENDITO UN | U4: 7625 | V4: 8 | W4: =(W3) -> 15/01 a 016/01 | Y4: 7574 | Z4: PATE DE AZEITONA PRETA BENDITO KG | AA4: 7574 | AB4: 0.18 | AC4: =(AC3) -> 16/01 a 17/01 | AE4: 2893 | AF4: ASS.FRANGO METADE BENDITO UNIDADE | AG4: 2893 | AH4: 27 | AI4: =(AI3) -> 17/01 a 18/01 | AK4: 7068 | AL4: BOLO CENOURA COBERTURA CHOCOLATE BENDITO KG | AM4: 7068 | AN4: 10.31 | AO4: =(AO3) -> 20/10 A 23/10 | AQ4: 7569 | AR4: PAO CASEIRAO BENDITO 250GR | AS4: 7569 | AT4: 69 | AU4: 959.1 | AV4: =(AT4/7) -> 9.8571429 | AW4: =(AU4/7) -> 137.01429
A5: 7875 | B5: REFEICAO STROGONOFF FRANGO BENDITO UN | C5: 7875 | D5: 7 | E5: =(E4) -> 19/01 a20/01 | G5: 7875 | H5: REFEICAO STROGONOFF FRANGO BENDITO UN | I5: 7875 | J5: 7 | K5: =(K4) -> 20/01 a 21/01 | M5: 7625 | N5: REFEICAO CARNE PANELA BENDITO UN | O5: 7625 | P5: 7 | Q5: =(Q4) -> 21/01 a 22/01 | S5: 9362 | T5: REFEICAO ISCA DE FRANGO A ACEBOLADA BENDITO UN | U5: 9362 | V5: 10 | W5: =(W4) -> 15/01 a 016/01 | Y5: 7660 | Z5: REFEICAO FEIJOADA BENDITO UN | AA5: 7660 | AB5: 12 | AC5: =(AC4) -> 16/01 a 17/01 | AE5: 7660 | AF5: REFEICAO FEIJOADA BENDITO UN | AG5: 7660 | AH5: 12 | AI5: =(AI4) -> 17/01 a 18/01 | AK5: 6856 | AL5: BOLO COCO BENDITO KG | AM5: 6856 | AN5: 0.55 | AO5: =(AO4) -> 20/10 A 23/10 | AQ5: 6856 | AR5: BOLO COCO BENDITO KG | AS5: 6856 | AT5: 17.21 | AU5: 674.56 | AV5: =(AT5/7) -> 2.4585714 | AW5: =(AU5/7) -> 96.365714
A6: 7877 | B6: REFEICAO TIRINHA CARNE CHINESA BENDITO UN | C6: 7877 | D6: 14 | E6: =(E5) -> 19/01 a20/01 | G6: 7877 | H6: REFEICAO TIRINHA CARNE CHINESA BENDITO UN | I6: 7877 | J6: 14 | K6: =(K5) -> 20/01 a 21/01 | M6: 7673 | N6: REFEICAO FILE FRANGO PARMEGIANA BENDITO UN | O6: 7673 | P6: 14 | Q6: =(Q5) -> 21/01 a 22/01 | S6: 7796 | T6: REFEICAO MEDALHAO FRANGO BENDITO UN | U6: 7796 | V6: 13 | W6: =(W5) -> 15/01 a 016/01 | Y6: 7673 | Z6: REFEICAO FILE FRANGO PARMEGIANA BENDITO UN | AA6: 7673 | AB6: 15 | AC6: =(AC5) -> 16/01 a 17/01 | AE6: 7673 | AF6: REFEICAO FILE FRANGO PARMEGIANA BENDITO UN | AG6: 7673 | AH6: 15 | AI6: =(AI5) -> 17/01 a 18/01 | AK6: 6856 | AL6: BOLO COCO BENDITO KG | AM6: 6856 | AN6: 5.04 | AO6: =(AO5) -> 20/10 A 23/10 | AQ6: 6966 | AR6: PAO HAMBURGUER BENDITO KG | AS6: 6966 | AT6: 14.64 | AU6: 476.25 | AV6: =(AT6/7) -> 2.0914286 | AW6: =(AU6/7) -> 68.035714
A7: 8945 | B7: ROT.ISCA DE FRANGO A MILANESA BENDITO KG | C7: 8945 | D7: 0.87 | E7: =(E6) -> 19/01 a20/01 | G7: 8028 | H7: ROTISSERIA ARROZ BRANCO BENDITO KG | I7: 8028 | J7: 1.28 | K7: =(K6) -> 20/01 a 21/01 | M7: 7796 | N7: REFEICAO MEDALHAO FRANGO BENDITO UN | O7: 7796 | P7: 12 | Q7: =(Q6) -> 21/01 a 22/01 | S7: 7874 | T7: REFEICAO STROGONOFF CARNE BENDITO UN | U7: 7874 | V7: 8 | W7: =(W6) -> 15/01 a 016/01 | Y7: 9362 | Z7: REFEICAO ISCA DE FRANGO A ACEBOLADA BENDITO UN | AA7: 9362 | AB7: 10 | AC7: =(AC6) -> 16/01 a 17/01 | AE7: 8321 | AF7: ROT.ESPAGUETE A BOLONHESA + POLPETONE RECHEADO BENDITO | AG7: 8321 | AH7: 7 | AI7: =(AI6) -> 17/01 a 18/01 | AK7: 7120 | AL7: BOLO FUBA C/MILHO BENDITO KG | AM7: 7120 | AN7: 0.43 | AO7: =(AO6) -> 20/10 A 23/10 | AQ7: 104254 | AR7: F.PROPRIA LANCHE SALAME COM QUEIJO PRATO KG | AS7: 104254 | AT7: 5.18 | AU7: 414.18 | AV7: =(AT7/7) -> 0.74 | AW7: =(AU7/7) -> 59.168571
A8: 8028 | B8: ROTISSERIA ARROZ BRANCO BENDITO KG | C8: 8028 | D8: 2.71 | E8: =(E7) -> 19/01 a20/01 | G8: 8048 | H8: ROTISSERIA ARROZ TEMPERADO BENDITO KG | I8: 8048 | J8: 0.79 | K8: =(K7) -> 20/01 a 21/01 | M8: 8321 | N8: ROT.ESPAGUETE A BOLONHESA + POLPETONE RECHEADO BENDITO | O8: 8321 | P8: 4 | Q8: =(Q7) -> 21/01 a 22/01 | S8: 8321 | T8: ROT.ESPAGUETE A BOLONHESA + POLPETONE RECHEADO BENDITO | U8: 8321 | V8: 7 | W8: =(W7) -> 15/01 a 016/01 | Y8: 7874 | Z8: REFEICAO STROGONOFF CARNE BENDITO UN | AA8: 7874 | AB8: 8 | AC8: =(AC7) -> 16/01 a 17/01 | AE8: 8023 | AF8: ROTISSERIA ARROZ A GREGA BENDITO KG | AG8: 8023 | AH8: 1.6 | AI8: =(AI7) -> 17/01 a 18/01 | AK8: 7267 | AL8: BOLO LEITE NINHO VALSA BENDITO KG | AM8: 7267 | AN8: 0.44 | AO8: =(AO7) -> 20/10 A 23/10 | AQ8: 6965 | AR8: PAO FOFINHO BENDITO KG | AS8: 6965 | AT8: 12.53 | AU8: 367.8 | AV8: =(AT8/7) -> 1.79 | AW8: =(AU8/7) -> 52.542857
A9: 8080 | B9: ROTISSERIA BANANA BENDITO KG | C9: 8080 | D9: 0.72 | E9: =(E8) -> 19/01 a20/01 | G9: 8080 | H9: ROTISSERIA BANANA BENDITO KG | I9: 8080 | J9: 0.48 | K9: =(K8) -> 20/01 a 21/01 | M9: 8028 | N9: ROTISSERIA ARROZ BRANCO BENDITO KG | O9: 8028 | P9: 1.52 | Q9: =(Q8) -> 21/01 a 22/01 | S9: 8028 | T9: ROTISSERIA ARROZ BRANCO BENDITO KG | U9: 8028 | V9: 1.56 | W9: =(W8) -> 15/01 a 016/01 | Y9: 8321 | Z9: ROT.ESPAGUETE A BOLONHESA + POLPETONE RECHEADO BENDITO | AA9: 8321 | AB9: 11 | AC9: =(AC8) -> 16/01 a 17/01 | AE9: 8028 | AF9: ROTISSERIA ARROZ BRANCO BENDITO KG | AG9: 8028 | AH9: 1.35 | AI9: =(AI8) -> 17/01 a 18/01 | AK9: 7141 | AL9: BOLO LIMAO C COBERTURA BENDITO KG | AM9: 7141 | AN9: 1.82 | AO9: =(AO8) -> 20/10 A 23/10 | AQ9: 7499 | AR9: SONHO CREME BENDITO KG | AS9: 7499 | AT9: 8.82 | AU9: 325.29 | AV9: =(AT9/7) -> 1.26 | AW9: =(AU9/7) -> 46.47
A10: 8089 | B10: ROTISSERIA BATATA ASSADA BENDITO KG | C10: 8089 | D10: 1.36 | E10: =(E9) -> 19/01 a20/01 | G10: 8089 | H10: ROTISSERIA BATATA ASSADA BENDITO KG | I10: 8089 | J10: 0.81 | K10: =(K9) -> 20/01 a 21/01 | M10: 8048 | N10: ROTISSERIA ARROZ TEMPERADO BENDITO KG | O10: 8048 | P10: 1.32 | Q10: =(Q9) -> 21/01 a 22/01 | S10: 8080 | T10: ROTISSERIA BANANA BENDITO KG | U10: 8080 | V10: 0.43 | W10: =(W9) -> 15/01 a 016/01 | Y10: 8028 | Z10: ROTISSERIA ARROZ BRANCO BENDITO KG | AA10: 8028 | AB10: 1.8 | AC10: =(AC9) -> 16/01 a 17/01 | AE10: 8037 | AF10: ROTISSERIA ARROZ CARRETEIRO BENDITO KG | AG10: 8037 | AH10: 1.74 | AI10: =(AI9) -> 17/01 a 18/01 | AK10: 7567 | AL10: BOLO MACA BENDITO KG | AM10: 7567 | AN10: 0.23 | AO10: =(AO9) -> 20/10 A 23/10 | AQ10: 6982 | AR10: ROSCA CASEIRA COCO BENDITO KG | AS10: 6982 | AT10: 6.79 | AU10: 298.23 | AV10: =(AT10/7) -> 0.97 | AW10: =(AU10/7) -> 42.604286
A11: 8093 | B11: ROTISSERIA BATATA DOCE ASSADA BENDITO KG | C11: 8093 | D11: 0.79 | E11: =(E10) -> 19/01 a20/01 | G11: 8093 | H11: ROTISSERIA BATATA DOCE ASSADA BENDITO KG | I11: 8093 | J11: 0.79 | K11: =(K10) -> 20/01 a 21/01 | M11: 8089 | N11: ROTISSERIA BATATA ASSADA BENDITO KG | O11: 8089 | P11: 0.55 | Q11: =(Q10) -> 21/01 a 22/01 | S11: 8153 | T11: ROTISSERIA BERINJELA PIZZAOLA BENDITO KG | U11: 8153 | V11: 0.65 | W11: =(W10) -> 15/01 a 016/01 | Y11: 8048 | Z11: ROTISSERIA ARROZ TEMPERADO BENDITO KG | AA11: 8048 | AB11: 1.53 | AC11: =(AC10) -> 16/01 a 17/01 | AE11: 8048 | AF11: ROTISSERIA ARROZ TEMPERADO BENDITO KG | AG11: 8048 | AH11: 1.53 | AI11: =(AI10) -> 17/01 a 18/01 | AK11: 7197 | AL11: BOLO NOZES BENDITO KG | AM11: 7197 | AN11: 0.41 | AO11: =(AO10) -> 20/10 A 23/10 | AQ11: 104256 | AR11: F.PROPRIA LANCHE PRESUNTO E QUEIJO KG | AS11: 104256 | AT11: 4.67 | AU11: 280 | AV11: =(AT11/7) -> 0.66714286 | AW11: =(AU11/7) -> 40
A12: 8166 | B12: ROTISSERIA BOLINHO DE ARROZ BENDITO KG | C12: 8166 | D12: 1.51 | E12: =(E11) -> 19/01 a20/01 | G12: 8166 | H12: ROTISSERIA BOLINHO DE ARROZ BENDITO KG | I12: 8166 | J12: 3.01 | K12: =(K11) -> 20/01 a 21/01 | M12: 8166 | N12: ROTISSERIA BOLINHO DE ARROZ BENDITO KG | O12: 8166 | P12: 1.49 | Q12: =(Q11) -> 21/01 a 22/01 | S12: 8172 | T12: ROTISSERIA CABOTIA REFOGADA BENDITO KG | U12: 8172 | V12: 0.44 | W12: =(W11) -> 15/01 a 016/01 | Y12: 8080 | Z12: ROTISSERIA BANANA BENDITO KG | AA12: 8080 | AB12: 0.16 | AC12: =(AC11) -> 16/01 a 17/01 | AE12: 8089 | AF12: ROTISSERIA BATATA ASSADA BENDITO KG | AG12: 8089 | AH12: 0.5 | AI12: =(AI11) -> 17/01 a 18/01 | AK12: 7200 | AL12: BOLO PISCINA CENOURA BENDITO KG | AM12: 7200 | AN12: 1.11 | AO12: =(AO11) -> 20/10 A 23/10 | AQ12: 6944 | AR12: PANETTONE FRUTA BENDITO KG | AS12: 6944 | AT12: 6.68 | AU12: 266.48 | AV12: =(AT12/7) -> 0.95428571 | AW12: =(AU12/7) -> 38.068571
A13: 8176 | B13: ROTISSERIA CALDO DE MANDIOCA BENDITO KG | C13: 8176 | D13: 0.7 | E13: =(E12) -> 19/01 a20/01 | G13: 8172 | H13: ROTISSERIA CABOTIA REFOGADA BENDITO KG | I13: 8172 | J13: 1.18 | K13: =(K12) -> 20/01 a 21/01 | M13: 8172 | N13: ROTISSERIA CABOTIA REFOGADA BENDITO KG | O13: 8172 | P13: 1.56 | Q13: =(Q12) -> 21/01 a 22/01 | S13: 8201 | T13: ROTISSERIA CANELONE FRANGO COM REQUEIJAO BENDITO KG | U13: 8201 | V13: 0.93 | W13: =(W12) -> 15/01 a 016/01 | Y13: 8089 | Z13: ROTISSERIA BATATA ASSADA BENDITO KG | AA13: 8089 | AB13: 0.5 | AC13: =(AC12) -> 16/01 a 17/01 | AE13: 8153 | AF13: ROTISSERIA BERINJELA PIZZAOLA BENDITO KG | AG13: 8153 | AH13: 1.04 | AI13: =(AI12) -> 17/01 a 18/01 | AK13: 7213 | AL13: BOLO RECH.BRIGADEIRO C/LEITE NINHO BENDITO KG | AM13: 7213 | AN13: 0.76 | AO13: =(AO12) -> 20/10 A 23/10 | AQ13: 6975 | AR13: PAO HOT DOG BENDITO KG | AS13: 6975 | AT13: 8.31 | AU13: 248.37 | AV13: =(AT13/7) -> 1.1871429 | AW13: =(AU13/7) -> 35.481429
A14: 8221 | B14: ROTISSERIA CAPONATA BERINJELA BENDITO KG | C14: 8221 | D14: 0.27 | E14: =(E13) -> 19/01 a20/01 | G14: 8176 | H14: ROTISSERIA CALDO DE MANDIOCA BENDITO KG | I14: 8176 | J14: 1.39 | K14: =(K13) -> 20/01 a 21/01 | M14: 8176 | N14: ROTISSERIA CALDO DE MANDIOCA BENDITO KG | O14: 8176 | P14: 1.01 | Q14: =(Q13) -> 21/01 a 22/01 | S14: 8204 | T14: ROTISSERIA CANELONE PRE/QUEIJO E M.BRANCO BENDITO KG | U14: 8204 | V14: 0.85 | W14: =(W13) -> 15/01 a 016/01 | Y14: 8153 | Z14: ROTISSERIA BERINJELA PIZZAOLA BENDITO KG | AA14: 8153 | AB14: 1.69 | AC14: =(AC13) -> 16/01 a 17/01 | AE14: 8221 | AF14: ROTISSERIA CAPONATA BERINJELA BENDITO KG | AG14: 8221 | AH14: 0.35 | AI14: =(AI13) -> 17/01 a 18/01 | AK14: 7241 | AL14: BOLO RECHEADO BRIGADEIRO BENDITO KG | AM14: 7241 | AN14: 0.96 | AO14: =(AO13) -> 20/10 A 23/10 | AQ14: 6951 | AR14: PAO CASEIRINHO BENDITO KG | AS14: 6951 | AT14: 7.35 | AU14: 241.98 | AV14: =(AT14/7) -> 1.05 | AW14: =(AU14/7) -> 34.568571
A15: 8292 | B15: ROTISSERIA CREME DE MILHO BENDITO KG | C15: 8292 | D15: 0.98 | E15: =(E14) -> 19/01 a20/01 | G15: 8221 | H15: ROTISSERIA CAPONATA BERINJELA BENDITO KG | I15: 8221 | J15: 0.75 | K15: =(K14) -> 20/01 a 21/01 | M15: 8204 | N15: ROTISSERIA CANELONE PRE/QUEIJO E M.BRANCO BENDITO KG | O15: 8204 | P15: 0.33 | Q15: =(Q14) -> 21/01 a 22/01 | S15: 8221 | T15: ROTISSERIA CAPONATA BERINJELA BENDITO KG | U15: 8221 | V15: 0.35 | W15: =(W14) -> 15/01 a 016/01 | Y15: 8221 | Z15: ROTISSERIA CAPONATA BERINJELA BENDITO KG | AA15: 8221 | AB15: 0.7 | AC15: =(AC14) -> 16/01 a 17/01 | AE15: 8281 | AF15: ROTISSERIA COUVE REFOGADA BENDITO KG | AG15: 8281 | AH15: 0.16 | AI15: =(AI14) -> 17/01 a 18/01 | AK15: 7245 | AL15: BOLO RECHEADO DOCE LEITE C/AMEIXA BENDITO KG | AM15: 7245 | AN15: 0.15 | AO15: =(AO14) -> 20/10 A 23/10 | AQ15: 95804 | AR15: PAO GRATINADO KG | AS15: 95804 | AT15: 7.07 | AU15: 232.63 | AV15: =(AT15/7) -> 1.01 | AW15: =(AU15/7) -> 33.232857
... A34: 8571 | B34: ROTISSERIA POLENTA AO MOLHO CARNE MOIDA BENDITO KG | C34: 8571 | D34: 4.09 | E34: =(E33) -> 19/01 a20/01 | G34: 8497 | H34: ROTISSERIA MIX LEGUMES ASSADO BENDITO KG | I34: 8497 | J34: 0.61 | K34: =(K33) -> 20/01 a 21/01 | M34: 8491 | N34: ROTISSERIA MEDALHAO FRANGO BENDITO KG | O34: 8491 | P34: 1.16 | Q34: =(Q33) -> 21/01 a 22/01 | S34: 8633 | T34: ROTISSERIA REPOLHO REFOGADO BENDITO KG | U34: 8633 | V34: 0.69 | W34: =(W33) -> 15/01 a 016/01 | Y34: 8497 | Z34: ROTISSERIA MIX LEGUMES ASSADO BENDITO KG | AA34: 8497 | AB34: 0.84 | AC34: =(AC33) -> 16/01 a 17/01 | AE34: 8482 | AF34: ROTISSERIA MAIONESE DE LEGUMES COM FRANGO BENDITO KG | AG34: 8482 | AH34: 2.15 | AI34: =(AI33) -> 17/01 a 18/01 | AK34: 508 | AL34: F.PROPRIA FORROZINHO GOTAS CHOCOLATE KG | AM34: 508 | AN34: 0.75 | AO34: =(AO33) -> 20/10 A 23/10 | AQ34: 7411 | AR34: HOT DOG BENDITO KG | AS34: 7411 | AT34: 2.38 | AU34: 90.13 | AV34: =(AT34/7) -> 0.34 | AW34: =(AU34/7) -> 12.875714
A35: 8963 | B35: ROTISSERIA SALADA CEASER C/FRANGO BENDITO | C35: 8963 | D35: 5 | E35: =(E34) -> 19/01 a20/01 | G35: 8502 | H35: ROTISSERIA NHOQUE DE BATATA C/ CARNE BENDITO KG | I35: 8502 | J35: 0.82 | K35: =(K34) -> 20/01 a 21/01 | M35: 8497 | N35: ROTISSERIA MIX LEGUMES ASSADO BENDITO KG | O35: 8497 | P35: 1 | Q35: =(Q34) -> 21/01 a 22/01 | S35: 8671 | T35: ROTISSERIA SALADA BATATONESE BENDITO KG | U35: 8671 | V35: 0.74 | Y35: 6960 | Z35: ROTISSERIA NHOQUE AO MOLHO SUGO BENDITO KG | AA35: 6960 | AB35: 1.14 | AC35: =(AC34) -> 16/01 a 17/01 | AE35: 8484 | AF35: ROTISSERIA MAMINHA ASSADA BENDITO KG | AG35: 8484 | AH35: 0.5 | AI35: =(AI34) -> 17/01 a 18/01 | AK35: 104255 | AL35: F.PROPRIA LANCHE PEITO PERU C/MUSSARELA KG | AM35: 104255 | AN35: 0.51 | AO35: =(AO34) -> 20/10 A 23/10 | AQ35: 7004 | AR35: ROSQUINHA DE LEITE NINHO BENDITO KG | AS35: 7004 | AT35: 2.23 | AU35: 88.98 | AV35: =(AT35/7) -> 0.31857143 | AW35: =(AU35/7) -> 12.711429
A36: 8695 | B36: ROTISSERIA SALADA DE BETERRABA BENDITO KG | C36: 8695 | D36: 1.28 | E36: =(E35) -> 19/01 a20/01 | G36: 8551 | H36: ROTISSERIA PATE ALHO BENDITO KG | I36: 8551 | J36: 0.12 | K36: =(K35) -> 20/01 a 21/01 | M36: 8498 | N36: ROTISSERIA MOLHO PIMENTA ARTESANAL BENDITO KG | O36: 8498 | P36: 0.33 | Q36: =(Q35) -> 21/01 a 22/01 | S36: 8963 | T36: ROTISSERIA SALADA CEASER C/FRANGO BENDITO | U36: 8963 | V36: 4 | Y36: 8529 | Z36: ROTISSERIA PANQUECA DE CARNE AO POMODORO BENDITO KG | AA36: 8529 | AB36: 0.62 | AC36: =(AC35) -> 16/01 a 17/01 | AE36: 8497 | AF36: ROTISSERIA MIX LEGUMES ASSADO BENDITO KG | AG36: 8497 | AH36: 0.34 | AI36: =(AI35) -> 17/01 a 18/01 | AK36: 104256 | AL36: F.PROPRIA LANCHE PRESUNTO E QUEIJO KG | AM36: 104256 | AN36: 0.58 | AO36: =(AO35) -> 20/10 A 23/10 | AQ36: 7003 | AR36: ROSQUINHA COCO BENDITO KG | AS36: 7003 | AT36: 2.19 | AU36: 87.28 | AV36: =(AT36/7) -> 0.31285714 | AW36: =(AU36/7) -> 12.468571
A37: 8789 | B37: ROTISSERIA SALADA SUNOMONO BENDITOKG | C37: 8789 | D37: 0.42 | E37: =(E36) -> 19/01 a20/01 | G37: 8563 | H37: ROTISSERIA PERNIL ACEBOLADO BENDITO KG | I37: 8563 | J37: 0.65 | K37: =(K36) -> 20/01 a 21/01 | M37: 8502 | N37: ROTISSERIA NHOQUE DE BATATA C/ CARNE BENDITO KG | O37: 8502 | P37: 0.82 | Q37: =(Q36) -> 21/01 a 22/01 | S37: 8690 | T37: ROTISSERIA SALADA DE BATATA CURTINHA BENDITO KG | U37: 8690 | V37: 1.19 | Y37: 8532 | Z37: ROTISSERIA PANQUECA DE FRANGO BENDITO KG | AA37: 8532 | AB37: 1.7 | AC37: =(AC36) -> 16/01 a 17/01 | AE37: 8498 | AF37: ROTISSERIA MOLHO PIMENTA ARTESANAL BENDITO KG | AG37: 8498 | AH37: 0.31 | AI37: =(AI36) -> 17/01 a 18/01 | AK37: 104254 | AL37: F.PROPRIA LANCHE SALAME COM QUEIJO PRATO KG | AM37: 104254 | AN37: 0.57 | AO37: =(AO36) -> 20/10 A 23/10 | AQ37: 7481 | AR37: PUDIM LEITE COND.TRIANGULO BENDITO KG | AS37: 7481 | AT37: 2.02 | AU37: 86.58 | AV37: =(AT37/7) -> 0.28857143 | AW37: =(AU37/7) -> 12.368571
A38: 8837 | B38: ROTISSERIA STROGONOFF DE FRANGO BENDITO KG | C38: 8837 | D38: 1.19 | E38: =(E37) -> 19/01 a20/01 | G38: 8571 | H38: ROTISSERIA POLENTA AO MOLHO CARNE MOIDA BENDITO KG | I38: 8571 | J38: 1.21 | K38: =(K37) -> 20/01 a 21/01 | M38: 8551 | N38: ROTISSERIA PATE ALHO BENDITO KG | O38: 8551 | P38: 0.12 | Q38: =(Q37) -> 21/01 a 22/01 | S38: 8695 | T38: ROTISSERIA SALADA DE BETERRABA BENDITO KG | U38: 8695 | V38: 0.75 | Y38: 8551 | Z38: ROTISSERIA PATE ALHO BENDITO KG | AA38: 8551 | AB38: 0.75 | AC38: =(AC37) -> 16/01 a 17/01 | AE38: 6960 | AF38: ROTISSERIA NHOQUE AO MOLHO SUGO BENDITO KG | AG38: 6960 | AH38: 1.53 | AI38: =(AI37) -> 17/01 a 18/01 | AK38: 1589 | AL38: F.PROPRIA LUA DE MEL DOCE LEITE POLVILHADA COM NINHO KG | AM38: 1589 | AN38: 0.18 | AO38: =(AO37) -> 20/10 A 23/10 | AQ38: 6955 | AR38: PAO DE FRIOS BENDITO KG | AS38: 6955 | AT38: 1.91 | AU38: 85.57 | AV38: =(AT38/7) -> 0.27285714 | AW38: =(AU38/7) -> 12.224286
A39: 9123 | B39: ROTISSERIA SUSHI KANI C/CREAM CHEESE BENDITO UN | C39: 9123 | D39: 5 | E39: =(E38) -> 19/01 a20/01 | G39: 8671 | H39: ROTISSERIA SALADA BATATONESE BENDITO KG | I39: 8671 | J39: 0.4 | K39: =(K38) -> 20/01 a 21/01 | M39: 8598 | N39: ROTISSERIA PURE DE BATATA BENDITO KG | O39: 8598 | P39: 0.37 | Q39: =(Q38) -> 21/01 a 22/01 | S39: 9391 | T39: ROTISSERIA SALADA FRESH HONEY PERU BENDITO | U39: 9391 | V39: 2 | Y39: 8598 | Z39: ROTISSERIA PURE DE BATATA BENDITO KG | AA39: 8598 | AB39: 0.83 | AC39: =(AC38) -> 16/01 a 17/01 | AE39: 8532 | AF39: ROTISSERIA PANQUECA DE FRANGO BENDITO KG | AG39: 8532 | AH39: 1.09 | AI39: =(AI38) -> 17/01 a 18/01 | AK39: 1589 | AL39: F.PROPRIA LUA DE MEL DOCE LEITE POLVILHADA COM NINHO KG | AM39: 1589 | AN39: 0.66 | AO39: =(AO38) -> 20/10 A 23/10 | AQ39: 6963 | AR39: PAO DONUTS CHOCOLATE BENDITO KG | AS39: 6963 | AT39: 1.85 | AU39: 83.23 | AV39: =(AT39/7) -> 0.26428571 | AW39: =(AU39/7) -> 11.89
A40: 8847 | B40: ROTISSERIA TIRINHA DE CARNE BENDITO KG | C40: 8847 | D40: 0.99 | E40: =(E39) -> 19/01 a20/01 | G40: 8963 | H40: ROTISSERIA SALADA CEASER C/FRANGO BENDITO | I40: 8963 | J40: 4 | K40: =(K39) -> 20/01 a 21/01 | M40: 8671 | N40: ROTISSERIA SALADA BATATONESE BENDITO KG | O40: 8671 | P40: 1.35 | Q40: =(Q39) -> 21/01 a 22/01 | S40: 8789 | T40: ROTISSERIA SALADA SUNOMONO BENDITOKG | U40: 8789 | V40: 0.61 | Y40: 8633 | Z40: ROTISSERIA REPOLHO REFOGADO BENDITO KG | AA40: 8633 | AB40: 0.43 | AC40: =(AC39) -> 16/01 a 17/01 | AE40: 8551 | AF40: ROTISSERIA PATE ALHO BENDITO KG | AG40: 8551 | AH40: 0.38 | AI40: =(AI39) -> 17/01 a 18/01 | AK40: 515 | AL40: F.PROPRIA PAO BISNAGUINHA FP KG | AM40: 515 | AN40: 1.21 | AO40: =(AO39) -> 20/10 A 23/10 | AQ40: 7141 | AR40: BOLO LIMAO C COBERTURA BENDITO KG | AS40: 7141 | AT40: 1.65 | AU40: 82.34 | AV40: =(AT40/7) -> 0.23571429 | AW40: =(AU40/7) -> 11.762857
A41: 7075 | B41: SUI PROD.TORRESMO FRITO KG | C41: 7075 | D41: 4.5 | E41: =(E40) -> 19/01 a20/01 | G41: 8690 | H41: ROTISSERIA SALADA DE BATATA CURTINHA BENDITO KG | I41: 8690 | J41: 0.44 | K41: =(K40) -> 20/01 a 21/01 | M41: 8963 | N41: ROTISSERIA SALADA CEASER C/FRANGO BENDITO | O41: 8963 | P41: 5 | Q41: =(Q40) -> 21/01 a 22/01 | S41: 8834 | T41: ROTISSERIA STROGONOFF DE CARNE BENDITO KG | U41: 8834 | V41: 0.6 | Y41: 8671 | Z41: ROTISSERIA SALADA BATATONESE BENDITO KG | AA41: 8671 | AB41: 0.39 | AC41: =(AC40) -> 16/01 a 17/01 | AE41: 8598 | AF41: ROTISSERIA PURE DE BATATA BENDITO KG | AG41: 8598 | AH41: 1.22 | AI41: =(AI40) -> 17/01 a 18/01 | AK41: 544 | AL41: F.PROPRIA PAO CASEIRINHO KG | AM41: 544 | AN41: 0.74 | AO41: =(AO40) -> 20/10 A 23/10 | AQ41: 7399 | AR41: HOT DOG COM MOSTARDA BENDITO KG | AS41: 7399 | AT41: 1.96 | AU41: 74.28 | AV41: =(AT41/7) -> 0.28 | AW41: =(AU41/7) -> 10.611429
A42: 8695 | B42: ROTISSERIA SALADA DE BETERRABA BENDITO KG | C42: 8695 | D42: 1.57 | E42: =(E41) -> 19/01 a20/01 | G42: 8695 | H42: ROTISSERIA SALADA DE BETERRABA BENDITO KG | I42: 8695 | J42: 2.7 | K42: =(K41) -> 20/01 a 21/01 | M42: 8690 | N42: ROTISSERIA SALADA DE BATATA CURTINHA BENDITO KG | O42: 8690 | P42: 1.62 | Q42: =(Q41) -> 21/01 a 22/01 | S42: 8847 | T42: ROTISSERIA TIRINHA DE CARNE BENDITO KG | U42: 8847 | V42: 0.63 | Y42: 8963 | Z42: ROTISSERIA SALADA CEASER C/FRANGO BENDITO | AA42: 8963 | AB42: 3 | AC42: =(AC41) -> 16/01 a 17/01 | AE42: 8963 | AF42: ROTISSERIA SALADA CEASER C/FRANGO BENDITO | AG42: 8963 | AH42: 3 | AI42: =(AI41) -> 17/01 a 18/01 | AK42: 759 | AL42: F.PROPRIA PAO DE CALABREZA KG | AM42: 759 | AN42: 1.29 | AO42: =(AO41) -> 20/10 A 23/10 | AQ42: 7475 | AR42: PAVE DE PESSEGO BENDITO KG | AS42: 7475 | AT42: 1.18 | AU42: 73.97 | AV42: =(AT42/7) -> 0.16857143 | AW42: =(AU42/7) -> 10.567143
A43: 8702 | B43: ROTISSERIA SALADA DE BROCOLIS C/COUVE FLOR BENDITO KG | C43: 8702 | D43: 0.22 | E43: =(E42) -> 19/01 a20/01 | G43: 9391 | H43: ROTISSERIA SALADA FRESH HONEY PERU BENDITO | I43: 9391 | J43: 1 | K43: =(K42) -> 20/01 a 21/01 | M43: 8695 | N43: ROTISSERIA SALADA DE BETERRABA BENDITO KG | O43: 8695 | P43: 2.23 | Q43: =(Q42) -> 21/01 a 22/01 | S43: 8874 | T43: ROTISSERIA TUTU DE FEIJAO BENDITO KG | U43: 8874 | V43: 0.25 | Y43: 8690 | Z43: ROTISSERIA SALADA DE BATATA CURTINHA BENDITO KG | AA43: 8690 | AB43: 0.4 | AC43: =(AC42) -> 16/01 a 17/01 | AE43: 8702 | AF43: ROTISSERIA SALADA DE BROCOLIS C/COUVE FLOR BENDITO KG | AG43: 8702 | AH43: 0.37 | AI43: =(AI42) -> 17/01 a 18/01 | AK43: 1663 | AL43: F.PROPRIA PAO DE MILHO KG | AM43: 1663 | AN43: 0.16 | AO43: =(AO42) -> 20/10 A 23/10 | AQ43: 6915 | AR43: F.PROPRIA ESFIRRA BRCOLIS QJO E BACON KG | AS43: 6915 | AT43: 1.22 | AU43: 73.09 | AV43: =(AT43/7) -> 0.17428571 | AW43: =(AU43/7) -> 10.441429
A44: 9391 | B44: ROTISSERIA SALADA FRESH HONEY PERU BENDITO | C44: 9391 | D44: 6 | E44: =(E43) -> 19/01 a20/01 | G44: 8789 | H44: ROTISSERIA SALADA SUNOMONO BENDITOKG | I44: 8789 | J44: 0.42 | K44: =(K43) -> 20/01 a 21/01 | M44: 9391 | N44: ROTISSERIA SALADA FRESH HONEY PERU BENDITO | O44: 9391 | P44: 2 | Q44: =(Q43) -> 21/01 a 22/01 | S44: 7065 | T44: SUI PROD.BANHA KG | U44: 7065 | V44: 5.74 | Y44: 8695 | Z44: ROTISSERIA SALADA DE BETERRABA BENDITO KG | AA44: 8695 | AB44: 0.25 | AC44: =(AC43) -> 16/01 a 17/01 | AE44: 8834 | AF44: ROTISSERIA STROGONOFF DE CARNE BENDITO KG | AG44: 8834 | AH44: 0.39 | AI44: =(AI43) -> 17/01 a 18/01 | AK44: 523 | AL44: F.PROPRIA PAO HAMBURGUER KG | AM44: 523 | AN44: 0.51 | AO44: =(AO43) -> 20/10 A 23/10 | AQ44: 7260 | AR44: BOLO RECHEADO LEITE NINHO C/MORANGO BENDITO KG | AS44: 7260 | AT44: 0.96 | AU44: 71.77 | AV44: =(AT44/7) -> 0.13714286 | AW44: =(AU44/7) -> 10.252857
A45: 8789 | B45: ROTISSERIA SALADA SUNOMONO BENDITOKG | C45: 8789 | D45: 0.88 | E45: =(E44) -> 19/01 a20/01 | G45: 8837 | H45: ROTISSERIA STROGONOFF DE FRANGO BENDITO KG | I45: 8837 | J45: 1.59 | K45: =(K44) -> 20/01 a 21/01 | M45: 8789 | N45: ROTISSERIA SALADA SUNOMONO BENDITOKG | O45: 8789 | P45: 0.22 | Q45: =(Q44) -> 21/01 a 22/01 | S45: 7075 | T45: SUI PROD.TORRESMO FRITO KG | U45: 7075 | V45: 0.65 | Y45: 8702 | Z45: ROTISSERIA SALADA DE BROCOLIS C/COUVE FLOR BENDITO KG | AA45: 8702 | AB45: 0.37 | AC45: =(AC44) -> 16/01 a 17/01 | AE45: 9123 | AF45: ROTISSERIA SUSHI KANI C/CREAM CHEESE BENDITO UN | AG45: 9123 | AH45: 1 | AI45: =(AI44) -> 17/01 a 18/01 | AK45: 2079 | AL45: F.PROPRIA ROCAMBOLE DOCE LEITE KG | AM45: 2079 | AN45: 0.47 | AO45: =(AO44) -> 20/10 A 23/10 | AQ45: 7474 | AR45: PAVE CHOCOLATE BENDITO KG | AS45: 7474 | AT45: 1.01 | AU45: 70.76 | AV45: =(AT45/7) -> 0.14428571 | AW45: =(AU45/7) -> 10.108571
A46: 8837 | B46: ROTISSERIA STROGONOFF DE FRANGO BENDITO KG | C46: 8837 | D46: 0.35 | E46: =(E45) -> 19/01 a20/01 | G46: 9123 | H46: ROTISSERIA SUSHI KANI C/CREAM CHEESE BENDITO UN | I46: 9123 | J46: 10 | K46: =(K45) -> 20/01 a 21/01 | M46: 8837 | N46: ROTISSERIA STROGONOFF DE FRANGO BENDITO KG | O46: 8837 | P46: 0.63 | Q46: =(Q45) -> 21/01 a 22/01 | Y46: 8789 | Z46: ROTISSERIA SALADA SUNOMONO BENDITOKG | AA46: 8789 | AB46: 0.19 | AC46: =(AC45) -> 16/01 a 17/01 | AE46: 8839 | AF46: ROTISSERIA TABULE BENDITO KG | AG46: 8839 | AH46: 1.92 | AI46: =(AI45) -> 17/01 a 18/01 | AK46: 2072 | AL46: F.PROPRIA ROCAMBOLE GOIABADA KG | AM46: 2072 | AN46: 0.37 | AO46: =(AO45) -> 20/10 A 23/10 | AQ46: 7398 | AR46: GELATINA COLORIDA BENDITO KG | AS46: 7398 | AT46: 1.75 | AU46: 69.74 | AV46: =(AT46/7) -> 0.25 | AW46: =(AU46/7) -> 9.9628571
A47: 9123 | B47: ROTISSERIA SUSHI KANI C/CREAM CHEESE BENDITO UN | C47: 9123 | D47: 5 | E47: =(E46) -> 19/01 a20/01 | G47: 8847 | H47: ROTISSERIA TIRINHA DE CARNE BENDITO KG | I47: 8847 | J47: 1.58 | K47: =(K46) -> 20/01 a 21/01 | M47: 9123 | N47: ROTISSERIA SUSHI KANI C/CREAM CHEESE BENDITO UN | O47: 9123 | P47: 6 | Q47: =(Q46) -> 21/01 a 22/01 | V47: 108.702 | Y47: 8834 | Z47: ROTISSERIA STROGONOFF DE CARNE BENDITO KG | AA47: 8834 | AB47: 0.99 | AC47: =(AC46) -> 16/01 a 17/01 | AE47: 8523 | AF47: ROTISSERIA TULIPA BUFALO WINGS KG | AG47: 8523 | AH47: 0.64 | AI47: =(AI46) -> 17/01 a 18/01 | AK47: 2923 | AL47: F.PROPRIA ROCAMBOLE LEITE NINHO KG | AM47: 2923 | AN47: 0.19 | AO47: =(AO46) -> 20/10 A 23/10 | AQ47: 6993 | AR47: ROSCA RECHEADA COCO BENDITO KG | AS47: 6993 | AT47: 1.41 | AU47: 67.44 | AV47: =(AT47/7) -> 0.20142857 | AW47: =(AU47/7) -> 9.6342857
A48: 8839 | B48: ROTISSERIA TABULE BENDITO KG | C48: 8839 | D48: 1.3 | E48: =(E47) -> 19/01 a20/01 | G48: 8874 | H48: ROTISSERIA TUTU DE FEIJAO BENDITO KG | I48: 8874 | J48: 0.4 | K48: =(K47) -> 20/01 a 21/01 | M48: 8839 | N48: ROTISSERIA TABULE BENDITO KG | O48: 8839 | P48: 0.54 | Q48: =(Q47) -> 21/01 a 22/01 | S48: 8874 | T48: ROTISSERIA TUTU DE FEIJAO BENDITO KG | U48: 8874 | V48: 1.09 | Y48: 9123 | Z48: ROTISSERIA SUSHI KANI C/CREAM CHEESE BENDITO UN | AA48: 9123 | AB48: 1 | AC48: =(AC47) -> 16/01 a 17/01 | AE48: 8874 | AF48: ROTISSERIA TUTU DE FEIJAO BENDITO KG | AG48: 8874 | AH48: 0.23 | AI48: =(AI47) -> 17/01 a 18/01 | AK48: 643 | AL48: F.PROPRIA ROSCA CASEIRA COCO KG | AM48: 643 | AN48: 0.33 | AO48: =(AO47) -> 20/10 A 23/10 | AQ48: 7529 | AR48: COOKIES CHOCOLATE BENDITO KG | AS48: 7529 | AT48: 1.33 | AU48: 66.14 | AV48: =(AT48/7) -> 0.19 | AW48: =(AU48/7) -> 9.4485714
A49: 8847 | B49: ROTISSERIA TIRINHA DE CARNE BENDITO KG | C49: 8847 | D49: 0.88 | E49: =(E48) -> 19/01 a20/01 | G49: 7065 | H49: SUI PROD.BANHA KG | I49: 7065 | J49: 0.85 | K49: =(K48) -> 20/01 a 21/01 | M49: 8847 | N49: ROTISSERIA TIRINHA DE CARNE BENDITO KG | O49: 8847 | P49: 0.6 | Q49: =(Q48) -> 21/01 a 22/01 | S49: 7065 | T49: SUI PROD.BANHA KG | U49: 7065 | V49: 0.77 | Y49: 8839 | Z49: ROTISSERIA TABULE BENDITO KG | AA49: 8839 | AB49: 1.92 | AC49: =(AC48) -> 16/01 a 17/01 | AE49: 8900 | AF49: ROTISSERIA YAKISSOBA BENDITO KG | AG49: 8900 | AH49: 2.04 | AI49: =(AI48) -> 17/01 a 18/01 | AK49: 6231 | AL49: F.PROPRIA ROSCA CASEIRA NINHO KG | AM49: 6231 | AN49: 0.27 | AO49: =(AO48) -> 20/10 A 23/10 | AQ49: 7348 | AR49: ESFIRRA CARNE, BROCOLIS E QUEIJO BENDITO KG | AS49: 7348 | AT49: 1.09 | AU49: 65.06 | AV49: =(AT49/7) -> 0.15571429 | AW49: =(AU49/7) -> 9.2942857
A50: 7065 | B50: SUI PROD.BANHA KG | C50: 7065 | D50: 0.94 | E50: =(E49) -> 19/01 a20/01 | G50: 7075 | H50: SUI PROD.TORRESMO FRITO KG | I50: 7075 | J50: 7.17 | K50: =(K49) -> 20/01 a 21/01 | M50: 8874 | N50: ROTISSERIA TUTU DE FEIJAO BENDITO KG | O50: 8874 | P50: 1 | Q50: =(Q49) -> 21/01 a 22/01 | S50: 7065 | T50: SUI PROD.BANHA KG | U50: 7065 | V50: 4.77 | Y50: 8874 | Z50: ROTISSERIA TUTU DE FEIJAO BENDITO KG | AA50: 8874 | AB50: 0.48 | AC50: =(AC49) -> 16/01 a 17/01 | AE50: 7065 | AF50: SUI PROD.BANHA KG | AG50: 7065 | AH50: 2.39 | AI50: =(AI49) -> 17/01 a 18/01 | AK50: 235 | AL50: F.PROPRIA ROSCA CREME C/ GOIABADA | AM50: 235 | AN50: 0.28 | AO50: =(AO49) -> 20/10 A 23/10 | AQ50: 7120 | AR50: BOLO FUBA C/MILHO BENDITO KG | AS50: 7120 | AT50: 1.59 | AU50: 63.45 | AV50: =(AT50/7) -> 0.22714286 | AW50: =(AU50/7) -> 9.0642857
A51: 7075 | B51: SUI PROD.TORRESMO FRITO KG | C51: 7075 | D51: 4.15 | E51: =(E50) -> 19/01 a20/01 | K51: =(K50) -> 20/01 a 21/01 | M51: 7065 | N51: SUI PROD.BANHA KG | O51: 7065 | P51: 5.9 | Q51: =(Q50) -> 21/01 a 22/01 | S51: 7075 | T51: SUI PROD.TORRESMO FRITO KG | U51: 7075 | V51: 6.54 | Y51: 8900 | Z51: ROTISSERIA YAKISSOBA BENDITO KG | AA51: 8900 | AB51: 2.04 | AC51: =(AC50) -> 16/01 a 17/01 | AI51: =(AI50) -> 17/01 a 18/01 | AK51: 164 | AL51: F.PROPRIA ROSCA RECHEADA COCO KG | AM51: 164 | AN51: 0.29 | AO51: =(AO50) -> 20/10 A 23/10 | AQ51: 7200 | AR51: BOLO PISCINA CENOURA BENDITO KG | AS51: 7200 | AT51: 1.23 | AU51: 61.58 | AV51: =(AT51/7) -> 0.17571429 | AW51: =(AU51/7) -> 8.7971429
E52: =(E51) -> 19/01 a20/01 | J52: 110.166 | K52: =(K51) -> 20/01 a 21/01 | M52: 7075 | N52: SUI PROD.TORRESMO FRITO KG | O52: 7075 | P52: 7.41 | Q52: =(Q51) -> 21/01 a 22/01 | S52: 7075 | T52: SUI PROD.TORRESMO FRITO KG | U52: 7075 | V52: 0.15 | Y52: 7065 | Z52: SUI PROD.BANHA KG | AA52: 7065 | AB52: 4.85 | AC52: =(AC51) -> 16/01 a 17/01 | AI52: =(AI51) -> 17/01 a 18/01 | AK52: 6228 | AL52: F.PROPRIA ROSQUINHA COCO KG | AM52: 6228 | AN52: 0.69 | AO52: =(AO51) -> 20/10 A 23/10 | AQ52: 7488 | AR52: QUICHE FRANGO C/REQUEIJAO BENDITO 400GR | AS52: 7488 | AT52: 2 | AU52: 57.8 | AV52: =(AT52/7) -> 0.28571429 | AW52: =(AU52/7) -> 8.2571429
E53: =(E52) -> 19/01 a20/01 | K53: =(K52) -> 20/01 a 21/01 | AC53: =(AC52) -> 16/01 a 17/01 | AI53: =(AI52) -> 17/01 a 18/01 | AK53: 511 | AL53: F.PROPRIA ROSQUINHA DE LEITE NINHO KG | AM53: 511 | AN53: 0.14 | AO53: =(AO52) -> 20/10 A 23/10 | AQ53: 6954 | AR53: PAO BRIOCHE CALABRESA BENDITO KG | AS53: 6954 | AT53: 1.19 | AU53: 55.73 | AV53: =(AT53/7) -> 0.17 | AW53: =(AU53/7) -> 7.9614286
E54: =(E53) -> 19/01 a20/01 | K54: =(K53) -> 20/01 a 21/01 | P54: 114.803 | V54: 153.942 | AB54: 133.1 | AC54: =(AC53) -> 16/01 a 17/01 | AI54: =(AI53) -> 17/01 a 18/01 | AK54: 511 | AL54: F.PROPRIA ROSQUINHA DE LEITE NINHO KG | AM54: 511 | AN54: 0.15 | AO54: =(AO53) -> 20/10 A 23/10 | AQ54: 7265 | AR54: BOLO NINHO C/OURO BRC BENDITO KG | AS54: 7265 | AT54: 0.69 | AU54: 51.53 | AV54: =(AT54/7) -> 0.098571429 | AW54: =(AU54/7) -> 7.3614286
E55: =(E54) -> 19/01 a20/01 | K55: =(K54) -> 20/01 a 21/01 | AB55: 177.205 | AC55: =(AC54) -> 16/01 a 17/01 | AI55: =(AI54) -> 17/01 a 18/01 | AK55: 7327 | AL55: F. PROPRIA SEQUILHOS KG | AM55: 7327 | AN55: 0.22 | AO55: =(AO54) -> 20/10 A 23/10 | AQ55: 6950 | AR55: PAO BRIOCHE BENDITO KG | AS55: 6950 | AT55: 1.02 | AU55: 50.7 | AV55: =(AT55/7) -> 0.14571429 | AW55: =(AU55/7) -> 7.2428571
E56: =(E55) -> 19/01 a20/01 | K56: =(K55) -> 20/01 a 21/01 | AC56: =(AC55) -> 16/01 a 17/01 | AI56: =(AI55) -> 17/01 a 18/01 | AK56: 7327 | AL56: F. PROPRIA SEQUILHOS KG | AM56: 7327 | AN56: 0.34 | AO56: =(AO55) -> 20/10 A 23/10 | AQ56: 7195 | AR56: F.PROPRIA SALGADO DE CALABRESA ASSADO KG | AS56: 7195 | AT56: 1.27 | AU56: 50.61 | AV56: =(AT56/7) -> 0.18142857 | AW56: =(AU56/7) -> 7.23
E57: =(E56) -> 19/01 a20/01 | K57: =(K56) -> 20/01 a 21/01 | AC57: =(AC56) -> 16/01 a 17/01 | AI57: =(AI56) -> 17/01 a 18/01 | AK57: 4052 | AL57: F.PROPRIA SONHO CREME KG | AM57: 4052 | AN57: 0.5 | AO57: =(AO56) -> 20/10 A 23/10 | AQ57: 7473 | AR57: PAO DE CALABREZA BENDITO KG | AS57: 7473 | AT57: 1.34 | AU57: 48.12 | AV57: =(AT57/7) -> 0.19142857 | AW57: =(AU57/7) -> 6.8742857
E58: =(E57) -> 19/01 a20/01 | K58: =(K57) -> 20/01 a 21/01 | AC58: =(AC57) -> 16/01 a 17/01 | AI58: =(AI57) -> 17/01 a 18/01 | AK58: 93445 | AL58: F.PROPRIA TORTA DE FRANGO KG | AM58: 93445 | AN58: 0.38 | AO58: =(AO57) -> 20/10 A 23/10 | AQ58: 7496 | AR58: ROCAMBOLE PRESTIGIO BENDITO KG | AS58: 7496 | AT58: 0.97 | AU58: 46.28 | AV58: =(AT58/7) -> 0.13857143 | AW58: =(AU58/7) -> 6.6114286
E59: =(E58) -> 19/01 a20/01 | K59: =(K58) -> 20/01 a 21/01 | AC59: =(AC58) -> 16/01 a 17/01 | AI59: =(AI58) -> 17/01 a 18/01 | AK59: 7398 | AL59: GELATINA COLORIDA BENDITO KG | AM59: 7398 | AN59: 1.34 | AO59: =(AO58) -> 20/10 A 23/10 | AQ59: 7479 | AR59: PUDIM DE PADARIA BENDITO KG | AS59: 7479 | AT59: 1.3 | AU59: 45.31 | AV59: =(AT59/7) -> 0.18571429 | AW59: =(AU59/7) -> 6.4728571
E60: =(E59) -> 19/01 a20/01 | K60: =(K59) -> 20/01 a 21/01 | AC60: =(AC59) -> 16/01 a 17/01 | AI60: =(AI59) -> 17/01 a 18/01 | AK60: 7421 | AL60: LANCHE PATE FRANGO RICOTA BENDITO KG | AM60: 7421 | AN60: 1.6 | AO60: =(AO59) -> 20/10 A 23/10 | AQ60: 7549 | AR60: QUEIJADINHA BENDITO KG | AS60: 7549 | AT60: 0.66 | AU60: 44.94 | AV60: =(AT60/7) -> 0.094285714 | AW60: =(AU60/7) -> 6.42
E61: =(E60) -> 19/01 a20/01 | K61: =(K60) -> 20/01 a 21/01 | AC61: =(AC60) -> 16/01 a 17/01 | AI61: =(AI60) -> 17/01 a 18/01 | AK61: 7435 | AL61: LUA DE MEL LEITE CONDENSADO BENDITO KG | AM61: 7435 | AN61: 0.56 | AO61: =(AO60) -> 20/10 A 23/10 | AQ61: 7504 | AR61: TORTA DE FRIOS BENDITO KG | AS61: 7504 | AT61: 0.95 | AU61: 44.74 | AV61: =(AT61/7) -> 0.13571429 | AW61: =(AU61/7) -> 6.3914286
E62: =(E61) -> 19/01 a20/01 | K62: =(K61) -> 20/01 a 21/01 | AC62: =(AC61) -> 16/01 a 17/01 | AI62: =(AI61) -> 17/01 a 18/01 | AK62: 7436 | AL62: MANJAR BENDITO KG | AM62: 7436 | AN62: 1.13 | AO62: =(AO61) -> 20/10 A 23/10 | AQ62: 7119 | AR62: BOLO FUBA C/ GOIABADA BENDITO KG | AS62: 7119 | AT62: 1.09 | AU62: 43.48 | AV62: =(AT62/7) -> 0.15571429 | AW62: =(AU62/7) -> 6.2114286
E63: =(E62) -> 19/01 a20/01 | K63: =(K62) -> 20/01 a 21/01 | AC63: =(AC62) -> 16/01 a 17/01 | AI63: =(AI62) -> 17/01 a 18/01 | AK63: 7437 | AL63: MARIA MOLE BENDITO KG | AM63: 7437 | AN63: 0.91 | AO63: =(AO62) -> 20/10 A 23/10 | AQ63: 7041 | AR63: BOLO BANANA BENDITO KG | AS63: 7041 | AT63: 1.06 | AU63: 42.14 | AV63: =(AT63/7) -> 0.15142857 | AW63: =(AU63/7) -> 6.02
E64: =(E63) -> 19/01 a20/01 | K64: =(K63) -> 20/01 a 21/01 | AC64: =(AC63) -> 16/01 a 17/01 | AI64: =(AI63) -> 17/01 a 18/01 | AK64: 7455 | AL64: MINI PUDIM BENDITO 100G | AM64: 7455 | AN64: 12 | AO64: =(AO63) -> 20/10 A 23/10 | AQ64: 6990 | AR64: ROSCA RECHEADA CHOCOLATE BENDITO KG | AS64: 6990 | AT64: 1.14 | AU64: 42 | AV64: =(AT64/7) -> 0.16285714 | AW64: =(AU64/7) -> 6
E65: =(E64) -> 19/01 a20/01 | K65: =(K64) -> 20/01 a 21/01 | AC65: =(AC64) -> 16/01 a 17/01 | AI65: =(AI64) -> 17/01 a 18/01 | AK65: 7096 | AL65: PAO ABOBORA BENDITO KG | AM65: 7096 | AN65: 0.33 | AO65: =(AO64) -> 20/10 A 23/10 | AQ65: 7032 | AR65: PAO MANDIOQUINHA BENDITO KG | AS65: 7032 | AT65: 1.01 | AU65: 40.12 | AV65: =(AT65/7) -> 0.14428571 | AW65: =(AU65/7) -> 5.7314286
E66: =(E65) -> 19/01 a20/01 | K66: =(K65) -> 20/01 a 21/01 | AC66: =(AC65) -> 16/01 a 17/01 | AI66: =(AI65) -> 17/01 a 18/01 | AK66: 7190 | AL66: PAO AZEITONA BENDITO KG | AM66: 7190 | AN66: 0.32 | AO66: =(AO65) -> 20/10 A 23/10 | AQ66: 101883 | AR66: FP BROA DE FUBA KG | AS66: 101883 | AT66: 1.92 | AU66: 38.48 | AV66: =(AT66/7) -> 0.27428571 | AW66: =(AU66/7) -> 5.4971429
E67: =(E66) -> 19/01 a20/01 | K67: =(K66) -> 20/01 a 21/01 | AC67: =(AC66) -> 16/01 a 17/01 | AI67: =(AI66) -> 17/01 a 18/01 | AK67: 7306 | AL67: PAO BATATA DOCE BENDITO KG | AM67: 7306 | AN67: 0.82 | AO67: =(AO66) -> 20/10 A 23/10 | AQ67: 6939 | AR67: COLOMBA FRUTA BENDITO KG | AS67: 6939 | AT67: 0.95 | AU67: 37.74 | AV67: =(AT67/7) -> 0.13571429 | AW67: =(AU67/7) -> 5.3914286
... E80: =(E79) -> 19/01 a20/01 | K80: =(K79) -> 20/01 a 21/01 | AC80: =(AC79) -> 16/01 a 17/01 | AI80: =(AI79) -> 17/01 a 18/01 | AK80: 6975 | AL80: PAO HOT DOG BENDITO KG | AM80: 6975 | AN80: 3 | AO80: =(AO79) -> 20/10 A 23/10 | AQ80: 95804 | AR80: PAO GRATINADO KG | AS80: 95804 | AT80: 0.84 | AU80: 23.3 | AV80: =(AT80/7) -> 0.12 | AW80: =(AU80/7) -> 3.3285714
E81: =(E80) -> 19/01 a20/01 | K81: =(K80) -> 20/01 a 21/01 | M81: 626 | AC81: =(AC80) -> 16/01 a 17/01 | AI81: =(AI80) -> 17/01 a 18/01 | AK81: 626 | AL81: PAO HOT DOG KG | AM81: 626 | AN81: 0.83 | AO81: =(AO80) -> 20/10 A 23/10 | AQ81: 7102 | AR81: BOLO DE CHURROS CHOCOLATE BENDITO KG | AS81: 7102 | AT81: 0.66 | AU81: 22.97 | AV81: =(AT81/7) -> 0.094285714 | AW81: =(AU81/7) -> 3.2814286
E82: =(E81) -> 19/01 a20/01 | K82: =(K81) -> 20/01 a 21/01 | M82: 7032 | AC82: =(AC81) -> 16/01 a 17/01 | AI82: =(AI81) -> 17/01 a 18/01 | AK82: 7032 | AL82: PAO MANDIOQUINHA BENDITO KG | AM82: 7032 | AN82: 0.33 | AO82: =(AO81) -> 20/10 A 23/10 | AQ82: 6985 | AR82: ROSCA CASEIRA NINHO BENDITO KG | AS82: 6985 | AT82: 0.52 | AU82: 22.92 | AV82: =(AT82/7) -> 0.074285714 | AW82: =(AU82/7) -> 3.2742857
E83: =(E82) -> 19/01 a20/01 | K83: =(K82) -> 20/01 a 21/01 | M83: 3605 | AC83: =(AC82) -> 16/01 a 17/01 | AI83: =(AI82) -> 17/01 a 18/01 | AK83: 3605 | AL83: PAO MANDIOQUINHA KG | AM83: 3605 | AN83: 1.43 | AO83: =(AO82) -> 20/10 A 23/10 | AQ83: 5766 | AR83: CROUTONS FABRICACAO PROPRIA KG | AS83: 5766 | AT83: 0.54 | AU83: 21.46 | AV83: =(AT83/7) -> 0.077142857 | AW83: =(AU83/7) -> 3.0657143
E84: =(E83) -> 19/01 a20/01 | K84: =(K83) -> 20/01 a 21/01 | M84: 913 | AC84: =(AC83) -> 16/01 a 17/01 | AI84: =(AI83) -> 17/01 a 18/01 | AK84: 913 | AL84: PAO MINI BAGUETE KG | AM84: 913 | AN84: 1.43 | AO84: =(AO83) -> 20/10 A 23/10 | AQ84: 6964 | AR84: PAO DONUTS DOCE DE LEITE BENDITO KG | AS84: 6964 | AT84: 0.47 | AU84: 21.01 | AV84: =(AT84/7) -> 0.067142857 | AW84: =(AU84/7) -> 3.0014286
E85: =(E84) -> 19/01 a20/01 | K85: =(K84) -> 20/01 a 21/01 | M85: 7481 | AC85: =(AC84) -> 16/01 a 17/01 | AI85: =(AI84) -> 17/01 a 18/01 | AK85: 7481 | AL85: PUDIM LEITE COND.TRIANGULO BENDITO KG | AM85: 7481 | AN85: 1.97 | AO85: =(AO84) -> 20/10 A 23/10 | AQ85: 7567 | AR85: BOLO MACA BENDITO KG | AS85: 7567 | AT85: 0.49 | AU85: 19.63 | AV85: =(AT85/7) -> 0.07 | AW85: =(AU85/7) -> 2.8042857
E86: =(E85) -> 19/01 a20/01 | K86: =(K85) -> 20/01 a 21/01 | M86: 7481 | AC86: =(AC85) -> 16/01 a 17/01 | AI86: =(AI85) -> 17/01 a 18/01 | AK86: 7481 | AL86: PUDIM LEITE COND.TRIANGULO BENDITO KG | AM86: 7481 | AN86: 0.18 | AO86: =(AO85) -> 20/10 A 23/10 | AQ86: 6818 | AR86: F.PROPRIA CHIPS KG | AS86: 6818 | AT86: 0.31 | AU86: 18.68 | AV86: =(AT86/7) -> 0.044285714 | AW86: =(AU86/7) -> 2.6685714
E87: =(E86) -> 19/01 a20/01 | K87: =(K86) -> 20/01 a 21/01 | M87: 7492 | AC87: =(AC86) -> 16/01 a 17/01 | AI87: =(AI86) -> 17/01 a 18/01 | AK87: 7492 | AL87: ROCAMBOLE BRIGADEIRO BENDITO KG | AM87: 7492 | AN87: 0.49 | AO87: =(AO86) -> 20/10 A 23/10 | AQ87: 7308 | AR87: PAO DE LEMON PAPPER BENDITO KG | AS87: 7308 | AT87: 0.51 | AU87: 16.71 | AV87: =(AT87/7) -> 0.072857143 | AW87: =(AU87/7) -> 2.3871429
E88: =(E87) -> 19/01 a20/01 | K88: =(K87) -> 20/01 a 21/01 | M88: 7494 | AC88: =(AC87) -> 16/01 a 17/01 | AI88: =(AI87) -> 17/01 a 18/01 | AK88: 7494 | AL88: ROCAMBOLE GOIABADA BENDITO KG | AM88: 7494 | AN88: 0.2 | AO88: =(AO87) -> 20/10 A 23/10 | AQ88: 6948 | AR88: PAO BATATA BENDITO KG | AS88: 6948 | AT88: 0.48 | AU88: 14.46 | AV88: =(AT88/7) -> 0.068571429 | AW88: =(AU88/7) -> 2.0657143
E89: =(E88) -> 19/01 a20/01 | K89: =(K88) -> 20/01 a 21/01 | M89: 7495 | AC89: =(AC88) -> 16/01 a 17/01 | AI89: =(AI88) -> 17/01 a 18/01 | AK89: 7495 | AL89: ROCAMBOLE LEITE NINHO BENDITO KG | AM89: 7495 | AN89: 0.17 | AO89: =(AO88) -> 20/10 A 23/10 | AQ89: 6987 | AR89: ROSCA CREME C/ GOIABADA BENDITO KG | AS89: 6987 | AT89: 0.32 | AU89: 14.05 | AV89: =(AT89/7) -> 0.045714286 | AW89: =(AU89/7) -> 2.0071429
E90: =(E89) -> 19/01 a20/01 | K90: =(K89) -> 20/01 a 21/01 | M90: 6982 | AC90: =(AC89) -> 16/01 a 17/01 | AI90: =(AI89) -> 17/01 a 18/01 | AK90: 6982 | AL90: ROSCA CASEIRA COCO BENDITO KG | AM90: 6982 | AN90: 1.74 | AO90: =(AO89) -> 20/10 A 23/10 | AQ90: 6643 | AR90: BROA DE FUBA C/GOTAS DE CHOCOLATE KG | AS90: 6643 | AT90: 0.34 | AU90: 13.4 | AV90: =(AT90/7) -> 0.048571429 | AW90: =(AU90/7) -> 1.9142857
E91: =(E90) -> 19/01 a20/01 | K91: =(K90) -> 20/01 a 21/01 | M91: 6985 | AC91: =(AC90) -> 16/01 a 17/01 | AI91: =(AI90) -> 17/01 a 18/01 | AK91: 6985 | AL91: ROSCA CASEIRA NINHO BENDITO KG | AM91: 6985 | AN91: 0.52 | AO91: =(AO90) -> 20/10 A 23/10 | AQ91: 6987 | AR91: ROSCA CREME C/ GOIABADA BENDITO KG | AS91: 6987 | AT91: 0.28 | AU91: 12.57 | AV91: =(AT91/7) -> 0.04 | AW91: =(AU91/7) -> 1.7957143
E92: =(E91) -> 19/01 a20/01 | K92: =(K91) -> 20/01 a 21/01 | M92: 6990 | AC92: =(AC91) -> 16/01 a 17/01 | AI92: =(AI91) -> 17/01 a 18/01 | AK92: 6990 | AL92: ROSCA RECHEADA CHOCOLATE BENDITO KG | AM92: 6990 | AN92: 0.36 | AO92: =(AO91) -> 20/10 A 23/10 | AQ92: 103 | AR92: F.PROPRIA BOLO FUBA C/ ERVA DOCE KG | AS92: 103 | AT92: 0.34 | AU92: 12.48 | AV92: =(AT92/7) -> 0.048571429 | AW92: =(AU92/7) -> 1.7828571
... E100: =(E99) -> 19/01 a20/01 | K100: =(K99) -> 20/01 a 21/01 | M100: 7503 | AC100: =(AC99) -> 16/01 a 17/01 | AI100: =(AI99) -> 17/01 a 18/01 | AK100: 7503 | AL100: TORTA DE FRANGO BENDITO KG | AM100: 7503 | AN100: 1.27 | AO100: =(AO99) -> 20/10 A 23/10 | AQ100: 7132 | AR100: BOLO LARANJA BEDNITO KG | AS100: 7132 | AT100: 0.25 | AU100: 4.91 | AV100: =(AT100/7) -> 0.035714286 | AW100: =(AU100/7) -> 0.70142857
AQ101: 6590 | AR101: BROA DE ERVA DOCE KG | AS101: 6590 | AT101: 0.07 | AU101: 2.88 | AV101: =(AT101/7) -> 0.01 | AW101: =(AU101/7) -> 0.41142857
AQ102: 7068 | AR102: BOLO CENOURA COBERTURA CHOCOLATE BENDITO KG | AS102: 7068 | AT102: 0.16 | AU102: 0 | AV102: =(AT102/7) -> 0.022857143 | AW102: =(AU102/7) -> 0
AQ103: 6856 | AR103: BOLO COCO BENDITO KG | AS103: 6856 | AT103: 0.15 | AU103: 0 | AV103: =(AT103/7) -> 0.021428571 | AW103: =(AU103/7) -> 0
AQ104: 7569 | AR104: PAO CASEIRAO BENDITO 250GR | AS104: 7569 | AT104: 1 | AU104: 0 | AV104: =(AT104/7) -> 0.14285714 | AW104: =(AU104/7) -> 0
AQ105: 6955 | AR105: PAO DE FRIOS BENDITO KG | AS105: 6955 | AT105: 0.17 | AU105: 0 | AV105: =(AT105/7) -> 0.024285714 | AW105: =(AU105/7) -> 0

Sheet SEGUNDA
A1: SEGUNDA (LOJA 1 DESCONTÃO-ROTISSERIA) | I1: SUJESTÃO DE PEDIDO | R1: DATA | S1: 46048
A2: ALMOÇO | C2: INFORMAÇÕES DO PEDIDO | D2: INFORMAÇÕES DO PEDIDO | I2: INFORMAÇÕES SUGESTÃO DE PEDIDO | P2: ALMOÇO | R2: INFORMAÇÕES DO PEDIDO
A3: COD | B3: MARMITA 3 DIVISORIAS | C3: QTD | D3: KG/UN | E3: P.PADRÃO | F3: Q.PCT | G3: PREÇO | H3: TOTAL | I3: VENDA QTD | J3: EM PCT | K3: EM VALORES | L3: PERIODO BASE | M3: STATUS | P3: COD | Q3: MARMITA 3 DIVISORIAS | R3: QTD | S3: Q.PCT
A4: =('[1]ESCALA DE PRODUÇÃO'!B3) -> 7768 | B4: =_xlfn.XLOOKUP(A4,'[1]ESCALA DE PRODUÇÃO'!$AL$1:$AL$1048566,'[1]ESCALA DE PRODUÇÃO'!$AJ$1:$AJ$1048566,"NÃO ENCOTRADO") -> 007768 - REFEICAO LAGARTO M.MADEIRA + BATATA ASSADA BENDITO | C4: 10 | D4: =_xlfn.XLOOKUP(A4,'[1]ESCALA DE PRODUÇÃO'!$AL$1:$AL$1048566,'[1]ESCALA DE PRODUÇÃO'!$AK$1:$AK$1048566,"0") -> UN/0001 | E4: ='[2]ESCALA DE PRODUÇÃO'!D3 -> 1 | F4: =IFERROR(C4/E4,"0") -> 10 | G4: =_xlfn.XLOOKUP(A4,'[1]ESCALA DE PRODUÇÃO'!$AL$1:$AL$1048566,'[1]ESCALA DE PRODUÇÃO'!$AM$1:$AM$1048566,"SEM PREÇO") -> 24.9 | H4: =IFERROR(C4*G4,"0") -> 249 | I4: =_xlfn.XLOOKUP(A4,'DADOS DE VENDA'!A:A,'DADOS DE VENDA'!D:D,"SEM VENDA") -> 10 | J4: =IFERROR(I4/E4,"0") -> 10 | K4: =IFERROR(I4*G4,"0") -> 249 | L4: =_xlfn.XLOOKUP(A4,'DADOS DE VENDA'!A:A,'DADOS DE VENDA'!E:E,"RUPTURA NO PERIODO") -> 19/01 a20/01 | M4: {=_xlfn.IFS(C4<I4,"ABAIXO",C4>I4,"ACIMA",C4=I4,"OK")} -> OK | P4: =A4 -> 7768 | Q4: =_xlfn.XLOOKUP(P4,'[1]ESCALA DE PRODUÇÃO'!$AL$1:$AL$1048566,'[1]ESCALA DE PRODUÇÃO'!$AJ$1:$AJ$1048566,"NÃO ENCOTRADO") -> 007768 - REFEICAO LAGARTO M.MADEIRA + BATATA ASSADA BENDITO | R4: =C4 -> 10 | S4: =(F4) -> 10
A5: =('[1]ESCALA DE PRODUÇÃO'!B4) -> 8966 | B5: =_xlfn.XLOOKUP(A5,'[1]ESCALA DE PRODUÇÃO'!$AL$1:$AL$1048566,'[1]ESCALA DE PRODUÇÃO'!$AJ$1:$AJ$1048566,"NÃO ENCOTRADO") -> 08966 - REFEICAO ISCA DE FRANGO A MILANESA | C5: 12 | D5: =_xlfn.XLOOKUP(A5,'[1]ESCALA DE PRODUÇÃO'!$AL$1:$AL$1048566,'[1]ESCALA DE PRODUÇÃO'!$AK$1:$AK$1048566,"0") -> UN/0001 | E5: ='[2]ESCALA DE PRODUÇÃO'!D4 -> 1 | F5: =IFERROR(C5/E5,"0") -> 12 | G5: =_xlfn.XLOOKUP(A5,'[1]ESCALA DE PRODUÇÃO'!$AL$1:$AL$1048566,'[1]ESCALA DE PRODUÇÃO'!$AM$1:$AM$1048566,"SEM PREÇO") -> 23.9 | H5: =IFERROR(C5*G5,"0") -> 286.8 | I5: =_xlfn.XLOOKUP(A5,'DADOS DE VENDA'!A:A,'DADOS DE VENDA'!D:D,"SEM VENDA") -> 12 | J5: =IFERROR(I5/E5,"0") -> 12 | K5: =IFERROR(I5*G5,"0") -> 286.8 | L5: =_xlfn.XLOOKUP(A5,'DADOS DE VENDA'!A:A,'DADOS DE VENDA'!E:E,"RUPTURA NO PERIODO") -> 19/01 a20/01 | M5: {=_xlfn.IFS(C5<I5,"ABAIXO",C5>I5,"ACIMA",C5=I5,"OK")} -> OK | P5: =A5 -> 8966 | Q5: =_xlfn.XLOOKUP(P5,'[1]ESCALA DE PRODUÇÃO'!$AL$1:$AL$1048566,'[1]ESCALA DE PRODUÇÃO'!$AJ$1:$AJ$1048566,"NÃO ENCOTRADO") -> 08966 - REFEICAO ISCA DE FRANGO A MILANESA | R5: =C5 -> 12 | S5: =(F5) -> 12
A6: =('[1]ESCALA DE PRODUÇÃO'!B5) -> 0 | B6: =_xlfn.XLOOKUP(A6,'[1]ESCALA DE PRODUÇÃO'!$AL$1:$AL$1048566,'[1]ESCALA DE PRODUÇÃO'!$AJ$1:$AJ$1048566,"NÃO ENCOTRADO") -> NÃO ENCOTRADO | C6: 0 | D6: =_xlfn.XLOOKUP(A6,'[1]ESCALA DE PRODUÇÃO'!$AL$1:$AL$1048566,'[1]ESCALA DE PRODUÇÃO'!$AK$1:$AK$1048566,"0") -> 0 | E6: ='[2]ESCALA DE PRODUÇÃO'!D5 -> 0 | F6: =IFERROR(C6/E6,"0") -> 0 | G6: =_xlfn.XLOOKUP(A6,'[1]ESCALA DE PRODUÇÃO'!$AL$1:$AL$1048566,'[1]ESCALA DE PRODUÇÃO'!$AM$1:$AM$1048566,"SEM PREÇO") -> SEM PREÇO | H6: =IFERROR(C6*G6,"0") -> 0 | I6: =_xlfn.XLOOKUP(A6,'DADOS DE VENDA'!A:A,'DADOS DE VENDA'!D:D,"SEM VENDA") -> SEM VENDA | J6: =IFERROR(I6/E6,"0") -> 0 | K6: =IFERROR(I6*G6,"0") -> 0 | L6: =_xlfn.XLOOKUP(A6,'DADOS DE VENDA'!A:A,'DADOS DE VENDA'!E:E,"RUPTURA NO PERIODO") -> RUPTURA NO PERIODO | M6: {=_xlfn.IFS(C6<I6,"ABAIXO",C6>I6,"ACIMA",C6=I6,"OK")} -> ABAIXO | P6: =A6 -> 0 | Q6: =_xlfn.XLOOKUP(P6,'[1]ESCALA DE PRODUÇÃO'!$AL$1:$AL$1048566,'[1]ESCALA DE PRODUÇÃO'!$AJ$1:$AJ$1048566,"NÃO ENCOTRADO") -> NÃO ENCOTRADO | R6: =C6 -> 0 | S6: =(F6) -> 0
A7: COD | B7: MACARRÃO | C7: QTD | D7: KG/UN | E7: P.PADRÃO | F7: Q.PCT | G7: PREÇO | H7: TOTAL | I7: VENDA QTD | J7: EM PCT | K7: EM VALORES | L7: PERIODO BASE | M7: STATUS | P7: COD | Q7: MACARRÃO | R7: QTD | S7: Q.PCT
A8: =('[1]ESCALA DE PRODUÇÃO'!B7) -> 8480 | B8: =_xlfn.XLOOKUP(A8,'[1]ESCALA DE PRODUÇÃO'!$AL$1:$AL$1048566,'[1]ESCALA DE PRODUÇÃO'!$AJ$1:$AJ$1048566,"NÃO ENCOTRADO") -> 008480 - ROTISSERIA MACARRONADA A BOLONHESA BENDITO KG | C8: 3 | D8: =_xlfn.XLOOKUP(A8,'[1]ESCALA DE PRODUÇÃO'!$AL$1:$AL$1048566,'[1]ESCALA DE PRODUÇÃO'!$AK$1:$AK$1048566,"0") -> KG/0001 | E8: ='[2]ESCALA DE PRODUÇÃO'!D7 -> 0.35 | F8: =IFERROR(C8/E8,"0") -> 8.5714286 | G8: =_xlfn.XLOOKUP(A8,'[1]ESCALA DE PRODUÇÃO'!$AL$1:$AL$1048566,'[1]ESCALA DE PRODUÇÃO'!$AM$1:$AM$1048566,"SEM PREÇO") -> 39.9 | H8: =IFERROR(C8*G8,"0") -> 119.7 | I8: =_xlfn.XLOOKUP(A8,'DADOS DE VENDA'!A:A,'DADOS DE VENDA'!D:D,"SEM VENDA") -> SEM VENDA | J8: =IFERROR(I8/E8,"0") -> 0 | K8: =IFERROR(I8*G8,"0") -> 0 | L8: =_xlfn.XLOOKUP(A8,'DADOS DE VENDA'!A:A,'DADOS DE VENDA'!E:E,"RUPTURA NO PERIODO") -> RUPTURA NO PERIODO | M8: {=_xlfn.IFS(C8<I8,"ABAIXO",C8>I8,"ACIMA",C8=I8,"OK")} -> ABAIXO | P8: =A8 -> 8480 | Q8: =_xlfn.XLOOKUP(P8,'[1]ESCALA DE PRODUÇÃO'!$AL$1:$AL$1048566,'[1]ESCALA DE PRODUÇÃO'!$AJ$1:$AJ$1048566,"NÃO ENCOTRADO") -> 008480 - ROTISSERIA MACARRONADA A BOLONHESA BENDITO KG | R8: =C8 -> 3 | S8: =(F8) -> 8.5714286
A9: =('[1]ESCALA DE PRODUÇÃO'!B8) -> 93626 | B9: =_xlfn.XLOOKUP(A9,'[1]ESCALA DE PRODUÇÃO'!$AL$1:$AL$1048566,'[1]ESCALA DE PRODUÇÃO'!$AJ$1:$AJ$1048566,"NÃO ENCOTRADO") -> 093626 - ROTISSERIA MACARRAO C/BROCOLIS E BACON KG | C9: 2 | D9: =_xlfn.XLOOKUP(A9,'[1]ESCALA DE PRODUÇÃO'!$AL$1:$AL$1048566,'[1]ESCALA DE PRODUÇÃO'!$AK$1:$AK$1048566,"0") -> KG/0001 | E9: ='[2]ESCALA DE PRODUÇÃO'!D8 -> 0.35 | F9: =IFERROR(C9/E9,"0") -> 5.7142857 | G9: =_xlfn.XLOOKUP(A9,'[1]ESCALA DE PRODUÇÃO'!$AL$1:$AL$1048566,'[1]ESCALA DE PRODUÇÃO'!$AM$1:$AM$1048566,"SEM PREÇO") -> 39.9 | H9: =IFERROR(C9*G9,"0") -> 79.8 | I9: =_xlfn.XLOOKUP(A9,'DADOS DE VENDA'!A:A,'DADOS DE VENDA'!D:D,"SEM VENDA") -> 1.17 | J9: =IFERROR(I9/E9,"0") -> 3.3428571 | K9: =IFERROR(I9*G9,"0") -> 46.683 | L9: =_xlfn.XLOOKUP(A9,'DADOS DE VENDA'!A:A,'DADOS DE VENDA'!E:E,"RUPTURA NO PERIODO") -> 19/01 a20/01 | M9: {=_xlfn.IFS(C9<I9,"ABAIXO",C9>I9,"ACIMA",C9=I9,"OK")} -> ACIMA | P9: =A9 -> 93626 | Q9: =_xlfn.XLOOKUP(P9,'[1]ESCALA DE PRODUÇÃO'!$AL$1:$AL$1048566,'[1]ESCALA DE PRODUÇÃO'!$AJ$1:$AJ$1048566,"NÃO ENCOTRADO") -> 093626 - ROTISSERIA MACARRAO C/BROCOLIS E BACON KG | R9: =C9 -> 2 | S9: =(F9) -> 5.7142857
A10: =('[1]ESCALA DE PRODUÇÃO'!B9) -> 0 | B10: =_xlfn.XLOOKUP(A10,'[1]ESCALA DE PRODUÇÃO'!$AL$1:$AL$1048566,'[1]ESCALA DE PRODUÇÃO'!$AJ$1:$AJ$1048566,"NÃO ENCOTRADO") -> NÃO ENCOTRADO | C10: 0 | D10: =_xlfn.XLOOKUP(A10,'[1]ESCALA DE PRODUÇÃO'!$AL$1:$AL$1048566,'[1]ESCALA DE PRODUÇÃO'!$AK$1:$AK$1048566,"0") -> 0 | E10: ='[2]ESCALA DE PRODUÇÃO'!D9 -> 0 | F10: =IFERROR(C10/E10,"0") -> 0 | G10: =_xlfn.XLOOKUP(A10,'[1]ESCALA DE PRODUÇÃO'!$AL$1:$AL$1048566,'[1]ESCALA DE PRODUÇÃO'!$AM$1:$AM$1048566,"SEM PREÇO") -> SEM PREÇO | H10: =IFERROR(C10*G10,"0") -> 0 | I10: =_xlfn.XLOOKUP(A10,'DADOS DE VENDA'!A:A,'DADOS DE VENDA'!D:D,"SEM VENDA") -> SEM VENDA | J10: =IFERROR(I10/E10,"0") -> 0 | K10: =IFERROR(I10*G10,"0") -> 0 | L10: =_xlfn.XLOOKUP(A10,'DADOS DE VENDA'!A:A,'DADOS DE VENDA'!E:E,"RUPTURA NO PERIODO") -> RUPTURA NO PERIODO | M10: {=_xlfn.IFS(C10<I10,"ABAIXO",C10>I10,"ACIMA",C10=I10,"OK")} -> ABAIXO | P10: =A10 -> 0 | Q10: =_xlfn.XLOOKUP(P10,'[1]ESCALA DE PRODUÇÃO'!$AL$1:$AL$1048566,'[1]ESCALA DE PRODUÇÃO'!$AJ$1:$AJ$1048566,"NÃO ENCOTRADO") -> NÃO ENCOTRADO | R10: =C10 -> 0 | S10: =(F10) -> 0
A11: COD | B11: MONO ARROZ | C11: QTD | D11: KG/UN | E11: P.PADRÃO | F11: Q.PCT | G11: PREÇO | H11: TOTAL | I11: VENDA QTD | J11: EM PCT | K11: EM VALORES | L11: PERIODO BASE | M11: STATUS | P11: COD | Q11: MONO ARROZ | R11: QTD | S11: Q.PCT
A12: =('[1]ESCALA DE PRODUÇÃO'!B11) -> 8028 | B12: =_xlfn.XLOOKUP(A12,'[1]ESCALA DE PRODUÇÃO'!$AL$1:$AL$1048566,'[1]ESCALA DE PRODUÇÃO'!$AJ$1:$AJ$1048566,"NÃO ENCOTRADO") -> 008028 - ROTISSERIA ARROZ BRANCO BENDITO KG | C12: 1.2 | D12: =_xlfn.XLOOKUP(A12,'[1]ESCALA DE PRODUÇÃO'!$AL$1:$AL$1048566,'[1]ESCALA DE PRODUÇÃO'!$AK$1:$AK$1048566,"0") -> KG/0001 | E12: ='[2]ESCALA DE PRODUÇÃO'!D11 -> 0.12 | F12: =IFERROR(C12/E12,"0") -> 10 | G12: =_xlfn.XLOOKUP(A12,'[1]ESCALA DE PRODUÇÃO'!$AL$1:$AL$1048566,'[1]ESCALA DE PRODUÇÃO'!$AM$1:$AM$1048566,"SEM PREÇO") -> 28.9 | H12: =IFERROR(C12*G12,"0") -> 34.68 | I12: =_xlfn.XLOOKUP(A12,'DADOS DE VENDA'!A:A,'DADOS DE VENDA'!D:D,"SEM VENDA") -> 2.71 | J12: =IFERROR(I12/E12,"0") -> 22.583333 | K12: =IFERROR(I12*G12,"0") -> 78.319 | L12: =_xlfn.XLOOKUP(A12,'DADOS DE VENDA'!A:A,'DADOS DE VENDA'!E:E,"RUPTURA NO PERIODO") -> 19/01 a20/01 | M12: {=_xlfn.IFS(C12<I12,"ABAIXO",C12>I12,"ACIMA",C12=I12,"OK")} -> ABAIXO | P12: =A12 -> 8028 | Q12: =_xlfn.XLOOKUP(P12,'[1]ESCALA DE PRODUÇÃO'!$AL$1:$AL$1048566,'[1]ESCALA DE PRODUÇÃO'!$AJ$1:$AJ$1048566,"NÃO ENCOTRADO") -> 008028 - ROTISSERIA ARROZ BRANCO BENDITO KG | R12: =C12 -> 1.2 | S12: =(F12) -> 10
A13: =('[1]ESCALA DE PRODUÇÃO'!B12) -> 0 | B13: =_xlfn.XLOOKUP(A13,'[1]ESCALA DE PRODUÇÃO'!$AL$1:$AL$1048566,'[1]ESCALA DE PRODUÇÃO'!$AJ$1:$AJ$1048566,"NÃO ENCOTRADO") -> NÃO ENCOTRADO | C13: 0 | D13: =_xlfn.XLOOKUP(A13,'[1]ESCALA DE PRODUÇÃO'!$AL$1:$AL$1048566,'[1]ESCALA DE PRODUÇÃO'!$AK$1:$AK$1048566,"0") -> 0 | E13: ='[2]ESCALA DE PRODUÇÃO'!D12 -> 0 | F13: =IFERROR(C13/E13,"0") -> 0 | G13: =_xlfn.XLOOKUP(A13,'[1]ESCALA DE PRODUÇÃO'!$AL$1:$AL$1048566,'[1]ESCALA DE PRODUÇÃO'!$AM$1:$AM$1048566,"SEM PREÇO") -> SEM PREÇO | H13: =IFERROR(C13*G13,"0") -> 0 | I13: =_xlfn.XLOOKUP(A13,'DADOS DE VENDA'!A:A,'DADOS DE VENDA'!D:D,"SEM VENDA") -> SEM VENDA | J13: =IFERROR(I13/E13,"0") -> 0 | K13: =IFERROR(I13*G13,"0") -> 0 | L13: =_xlfn.XLOOKUP(A13,'DADOS DE VENDA'!A:A,'DADOS DE VENDA'!E:E,"RUPTURA NO PERIODO") -> RUPTURA NO PERIODO | M13: {=_xlfn.IFS(C13<I13,"ABAIXO",C13>I13,"ACIMA",C13=I13,"OK")} -> ABAIXO | P13: =A13 -> 0 | Q13: =_xlfn.XLOOKUP(P13,'[1]ESCALA DE PRODUÇÃO'!$AL$1:$AL$1048566,'[1]ESCALA DE PRODUÇÃO'!$AJ$1:$AJ$1048566,"NÃO ENCOTRADO") -> NÃO ENCOTRADO | R13: =C13 -> 0 | S13: =(F13) -> 0
A14: COD | B14: MONO FEIJÃO | C14: QTD | D14: KG/UN | E14: P.PADRÃO | F14: Q.PCT | G14: PREÇO | H14: TOTAL | I14: VENDA QTD | J14: EM PCT | K14: EM VALORES | L14: PERIODO BASE | M14: STATUS | P14: COD | Q14: MONO FEIJÃO | R14: QTD | S14: Q.PCT
A15: =('[1]ESCALA DE PRODUÇÃO'!B14) -> 8328 | B15: =_xlfn.XLOOKUP(A15,'[1]ESCALA DE PRODUÇÃO'!$AL$1:$AL$1048566,'[1]ESCALA DE PRODUÇÃO'!$AJ$1:$AJ$1048566,"NÃO ENCOTRADO") -> 008328 - ROTISSERIA FEIJAO BENDITO KG | C15: 1 | D15: =_xlfn.XLOOKUP(A15,'[1]ESCALA DE PRODUÇÃO'!$AL$1:$AL$1048566,'[1]ESCALA DE PRODUÇÃO'!$AK$1:$AK$1048566,"0") -> KG/0001 | E15: ='[2]ESCALA DE PRODUÇÃO'!D14 -> 0.18 | F15: =IFERROR(C15/E15,"0") -> 5.5555556 | G15: =_xlfn.XLOOKUP(A15,'[1]ESCALA DE PRODUÇÃO'!$AL$1:$AL$1048566,'[1]ESCALA DE PRODUÇÃO'!$AM$1:$AM$1048566,"SEM PREÇO") -> 34.9 | H15: =IFERROR(C15*G15,"0") -> 34.9 | I15: =_xlfn.XLOOKUP(A15,'DADOS DE VENDA'!A:A,'DADOS DE VENDA'!D:D,"SEM VENDA") -> 0.75 | J15: =IFERROR(I15/E15,"0") -> 4.1666667 | K15: =IFERROR(I15*G15,"0") -> 26.175 | L15: =_xlfn.XLOOKUP(A15,'DADOS DE VENDA'!A:A,'DADOS DE VENDA'!E:E,"RUPTURA NO PERIODO") -> 19/01 a20/01 | M15: {=_xlfn.IFS(C15<I15,"ABAIXO",C15>I15,"ACIMA",C15=I15,"OK")} -> ACIMA | P15: =A15 -> 8328 | Q15: =_xlfn.XLOOKUP(P15,'[1]ESCALA DE PRODUÇÃO'!$AL$1:$AL$1048566,'[1]ESCALA DE PRODUÇÃO'!$AJ$1:$AJ$1048566,"NÃO ENCOTRADO") -> 008328 - ROTISSERIA FEIJAO BENDITO KG | R15: =C15 -> 1 | S15: =(F15) -> 5.5555556
A16: =('[1]ESCALA DE PRODUÇÃO'!B15) -> 10 | B16: =_xlfn.XLOOKUP(A16,'[1]ESCALA DE PRODUÇÃO'!$AL$1:$AL$1048566,'[1]ESCALA DE PRODUÇÃO'!$AJ$1:$AJ$1048566,"NÃO ENCOTRADO") -> NÃO ENCOTRADO | C16: 0 | D16: =_xlfn.XLOOKUP(A16,'[1]ESCALA DE PRODUÇÃO'!$AL$1:$AL$1048566,'[1]ESCALA DE PRODUÇÃO'!$AK$1:$AK$1048566,"0") -> 0 | E16: ='[2]ESCALA DE PRODUÇÃO'!D15 -> 0 | F16: =IFERROR(C16/E16,"0") -> 0 | G16: =_xlfn.XLOOKUP(A16,'[1]ESCALA DE PRODUÇÃO'!$AL$1:$AL$1048566,'[1]ESCALA DE PRODUÇÃO'!$AM$1:$AM$1048566,"SEM PREÇO") -> SEM PREÇO | H16: =IFERROR(C16*G16,"0") -> 0 | I16: =_xlfn.XLOOKUP(A16,'DADOS DE VENDA'!A:A,'DADOS DE VENDA'!D:D,"SEM VENDA") -> SEM VENDA | J16: =IFERROR(I16/E16,"0") -> 0 | K16: =IFERROR(I16*G16,"0") -> 0 | L16: =_xlfn.XLOOKUP(A16,'DADOS DE VENDA'!A:A,'DADOS DE VENDA'!E:E,"RUPTURA NO PERIODO") -> RUPTURA NO PERIODO | M16: {=_xlfn.IFS(C16<I16,"ABAIXO",C16>I16,"ACIMA",C16=I16,"OK")} -> ABAIXO | P16: =A16 -> 10 | Q16: =_xlfn.XLOOKUP(P16,'[1]ESCALA DE PRODUÇÃO'!$AL$1:$AL$1048566,'[1]ESCALA DE PRODUÇÃO'!$AJ$1:$AJ$1048566,"NÃO ENCOTRADO") -> NÃO ENCOTRADO | R16: =C16 -> 0 | S16: =(F16) -> 0
A17: COD | B17: MONO GUARNIÇÃO | C17: QTD | D17: KG/UN | E17: P.PADRÃO | F17: Q.PCT | G17: PREÇO | H17: TOTAL | I17: VENDA QTD | J17: EM PCT | K17: EM VALORES | L17: PERIODO BASE | M17: STATUS | P17: COD | Q17: MONO GUARNIÇÃO | R17: QTD | S17: Q.PCT
A18: =('[1]ESCALA DE PRODUÇÃO'!B17) -> 8089 | B18: =_xlfn.XLOOKUP(A18,'[1]ESCALA DE PRODUÇÃO'!$AL$1:$AL$1048566,'[1]ESCALA DE PRODUÇÃO'!$AJ$1:$AJ$1048566,"NÃO ENCOTRADO") -> 008089 - ROTISSERIA BATATA ASSADA BENDITO KG | C18: 1 | D18: =_xlfn.XLOOKUP(A18,'[1]ESCALA DE PRODUÇÃO'!$AL$1:$AL$1048566,'[1]ESCALA DE PRODUÇÃO'!$AK$1:$AK$1048566,"0") -> KG/0001 | E18: ='[2]ESCALA DE PRODUÇÃO'!D17 -> 0.12 | F18: =IFERROR(C18/E18,"0") -> 8.3333333 | G18: =_xlfn.XLOOKUP(A18,'[1]ESCALA DE PRODUÇÃO'!$AL$1:$AL$1048566,'[1]ESCALA DE PRODUÇÃO'!$AM$1:$AM$1048566,"SEM PREÇO") -> 49.9 | H18: =IFERROR(C18*G18,"0") -> 49.9 | I18: =_xlfn.XLOOKUP(A18,'DADOS DE VENDA'!A:A,'DADOS DE VENDA'!D:D,"SEM VENDA") -> 1.36 | J18: =IFERROR(I18/E18,"0") -> 11.333333 | K18: =IFERROR(I18*G18,"0") -> 67.864 | L18: =_xlfn.XLOOKUP(A18,'DADOS DE VENDA'!A:A,'DADOS DE VENDA'!E:E,"RUPTURA NO PERIODO") -> 19/01 a20/01 | M18: {=_xlfn.IFS(C18<I18,"ABAIXO",C18>I18,"ACIMA",C18=I18,"OK")} -> ABAIXO | P18: =A18 -> 8089 | Q18: =_xlfn.XLOOKUP(P18,'[1]ESCALA DE PRODUÇÃO'!$AL$1:$AL$1048566,'[1]ESCALA DE PRODUÇÃO'!$AJ$1:$AJ$1048566,"NÃO ENCOTRADO") -> 008089 - ROTISSERIA BATATA ASSADA BENDITO KG | R18: =C18 -> 1 | S18: =(F18) -> 8.3333333
A19: =('[1]ESCALA DE PRODUÇÃO'!B18) -> 8598 | B19: =_xlfn.XLOOKUP(A19,'[1]ESCALA DE PRODUÇÃO'!$AL$1:$AL$1048566,'[1]ESCALA DE PRODUÇÃO'!$AJ$1:$AJ$1048566,"NÃO ENCOTRADO") -> 008598 - ROTISSERIA PURE DE BATATA BENDITO KG | C19: 1 | D19: =_xlfn.XLOOKUP(A19,'[1]ESCALA DE PRODUÇÃO'!$AL$1:$AL$1048566,'[1]ESCALA DE PRODUÇÃO'!$AK$1:$AK$1048566,"0") -> KG/0001 | E19: ='[2]ESCALA DE PRODUÇÃO'!D18 -> 0.15 | F19: =IFERROR(C19/E19,"0") -> 6.6666667 | G19: =_xlfn.XLOOKUP(A19,'[1]ESCALA DE PRODUÇÃO'!$AL$1:$AL$1048566,'[1]ESCALA DE PRODUÇÃO'!$AM$1:$AM$1048566,"SEM PREÇO") -> 48.9 | H19: =IFERROR(C19*G19,"0") -> 48.9 | I19: =_xlfn.XLOOKUP(A19,'DADOS DE VENDA'!A:A,'DADOS DE VENDA'!D:D,"SEM VENDA") -> SEM VENDA | J19: =IFERROR(I19/E19,"0") -> 0 | K19: =IFERROR(I19*G19,"0") -> 0 | L19: =_xlfn.XLOOKUP(A19,'DADOS DE VENDA'!A:A,'DADOS DE VENDA'!E:E,"RUPTURA NO PERIODO") -> RUPTURA NO PERIODO | M19: {=_xlfn.IFS(C19<I19,"ABAIXO",C19>I19,"ACIMA",C19=I19,"OK")} -> ABAIXO | P19: =A19 -> 8598 | Q19: =_xlfn.XLOOKUP(P19,'[1]ESCALA DE PRODUÇÃO'!$AL$1:$AL$1048566,'[1]ESCALA DE PRODUÇÃO'!$AJ$1:$AJ$1048566,"NÃO ENCOTRADO") -> 008598 - ROTISSERIA PURE DE BATATA BENDITO KG | R19: =C19 -> 1 | S19: =(F19) -> 6.6666667
A20: =('[1]ESCALA DE PRODUÇÃO'!B19) -> 8403 | B20: =_xlfn.XLOOKUP(A20,'[1]ESCALA DE PRODUÇÃO'!$AL$1:$AL$1048566,'[1]ESCALA DE PRODUÇÃO'!$AJ$1:$AJ$1048566,"NÃO ENCOTRADO") -> 008403 - ROTISSERIA LEGUMES BENDITO KG | C20: 1 | D20: =_xlfn.XLOOKUP(A20,'[1]ESCALA DE PRODUÇÃO'!$AL$1:$AL$1048566,'[1]ESCALA DE PRODUÇÃO'!$AK$1:$AK$1048566,"0") -> KG/0001 | E20: ='[2]ESCALA DE PRODUÇÃO'!D19 -> 0.12 | F20: =IFERROR(C20/E20,"0") -> 8.3333333 | G20: =_xlfn.XLOOKUP(A20,'[1]ESCALA DE PRODUÇÃO'!$AL$1:$AL$1048566,'[1]ESCALA DE PRODUÇÃO'!$AM$1:$AM$1048566,"SEM PREÇO") -> 14.9 | H20: =IFERROR(C20*G20,"0") -> 14.9 | I20: =_xlfn.XLOOKUP(A20,'DADOS DE VENDA'!A:A,'DADOS DE VENDA'!D:D,"SEM VENDA") -> 0.25 | J20: =IFERROR(I20/E20,"0") -> 2.0833333 | K20: =IFERROR(I20*G20,"0") -> 3.725 | L20: =_xlfn.XLOOKUP(A20,'DADOS DE VENDA'!A:A,'DADOS DE VENDA'!E:E,"RUPTURA NO PERIODO") -> 19/01 a20/01 | M20: {=_xlfn.IFS(C20<I20,"ABAIXO",C20>I20,"ACIMA",C20=I20,"OK")} -> ACIMA | P20: =A20 -> 8403 | Q20: =_xlfn.XLOOKUP(P20,'[1]ESCALA DE PRODUÇÃO'!$AL$1:$AL$1048566,'[1]ESCALA DE PRODUÇÃO'!$AJ$1:$AJ$1048566,"NÃO ENCOTRADO") -> 008403 - ROTISSERIA LEGUMES BENDITO KG | R20: =C20 -> 1 | S20: =(F20) -> 8.3333333
A21: COD | B21: MONO PROTEINAS | C21: QTD | D21: KG/UN | E21: P.PADRÃO | F21: Q.PCT | G21: PREÇO | H21: TOTAL | I21: VENDA QTD | J21: EM PCT | K21: EM VALORES | L21: PERIODO BASE | M21: STATUS | P21: COD | Q21: MONO PROTEINAS | R21: QTD | S21: Q.PCT
A22: =('[1]ESCALA DE PRODUÇÃO'!B21) -> 8409 | B22: =_xlfn.XLOOKUP(A22,'[1]ESCALA DE PRODUÇÃO'!$AL$1:$AL$1048566,'[1]ESCALA DE PRODUÇÃO'!$AJ$1:$AJ$1048566,"NÃO ENCOTRADO") -> 008409 - ROTISSERIA LINGUICA ASSADA BENDITO KG | C22: 1 | D22: =_xlfn.XLOOKUP(A22,'[1]ESCALA DE PRODUÇÃO'!$AL$1:$AL$1048566,'[1]ESCALA DE PRODUÇÃO'!$AK$1:$AK$1048566,"0") -> KG/0001 | E22: ='[2]ESCALA DE PRODUÇÃO'!D21 -> 0.15 | F22: =IFERROR(C22/E22,"0") -> 6.6666667 | G22: =_xlfn.XLOOKUP(A22,'[1]ESCALA DE PRODUÇÃO'!$AL$1:$AL$1048566,'[1]ESCALA DE PRODUÇÃO'!$AM$1:$AM$1048566,"SEM PREÇO") -> 59.9 | H22: =IFERROR(C22*G22,"0") -> 59.9 | I22: =_xlfn.XLOOKUP(A22,'DADOS DE VENDA'!A:A,'DADOS DE VENDA'!D:D,"SEM VENDA") -> 0.42 | J22: =IFERROR(I22/E22,"0") -> 2.8 | K22: =IFERROR(I22*G22,"0") -> 25.158 | L22: =_xlfn.XLOOKUP(A22,'DADOS DE VENDA'!A:A,'DADOS DE VENDA'!E:E,"RUPTURA NO PERIODO") -> 19/01 a20/01 | M22: {=_xlfn.IFS(C22<I22,"ABAIXO",C22>I22,"ACIMA",C22=I22,"OK")} -> ACIMA | P22: =A22 -> 8409 | Q22: =_xlfn.XLOOKUP(P22,'[1]ESCALA DE PRODUÇÃO'!$AL$1:$AL$1048566,'[1]ESCALA DE PRODUÇÃO'!$AJ$1:$AJ$1048566,"NÃO ENCOTRADO") -> 008409 - ROTISSERIA LINGUICA ASSADA BENDITO KG | R22: =C22 -> 1 | S22: =(F22) -> 6.6666667
A23: =('[1]ESCALA DE PRODUÇÃO'!B22) -> 8945 | B23: =_xlfn.XLOOKUP(A23,'[1]ESCALA DE PRODUÇÃO'!$AL$1:$AL$1048566,'[1]ESCALA DE PRODUÇÃO'!$AJ$1:$AJ$1048566,"NÃO ENCOTRADO") -> 008945 - ROT.ISCA DE FRANGO A MILANESA BENDITO KG | C23: 1 | D23: =_xlfn.XLOOKUP(A23,'[1]ESCALA DE PRODUÇÃO'!$AL$1:$AL$1048566,'[1]ESCALA DE PRODUÇÃO'!$AK$1:$AK$1048566,"0") -> KG/0001 | E23: ='[2]ESCALA DE PRODUÇÃO'!D22 -> 0.18 | F23: =IFERROR(C23/E23,"0") -> 5.5555556 | G23: =_xlfn.XLOOKUP(A23,'[1]ESCALA DE PRODUÇÃO'!$AL$1:$AL$1048566,'[1]ESCALA DE PRODUÇÃO'!$AM$1:$AM$1048566,"SEM PREÇO") -> 64.9 | H23: =IFERROR(C23*G23,"0") -> 64.9 | I23: =_xlfn.XLOOKUP(A23,'DADOS DE VENDA'!A:A,'DADOS DE VENDA'!D:D,"SEM VENDA") -> 0.87 | J23: =IFERROR(I23/E23,"0") -> 4.8333333 | K23: =IFERROR(I23*G23,"0") -> 56.463 | L23: =_xlfn.XLOOKUP(A23,'DADOS DE VENDA'!A:A,'DADOS DE VENDA'!E:E,"RUPTURA NO PERIODO") -> 19/01 a20/01 | M23: {=_xlfn.IFS(C23<I23,"ABAIXO",C23>I23,"ACIMA",C23=I23,"OK")} -> ACIMA | P23: =A23 -> 8945 | Q23: =_xlfn.XLOOKUP(P23,'[1]ESCALA DE PRODUÇÃO'!$AL$1:$AL$1048566,'[1]ESCALA DE PRODUÇÃO'!$AJ$1:$AJ$1048566,"NÃO ENCOTRADO") -> 008945 - ROT.ISCA DE FRANGO A MILANESA BENDITO KG | R23: =C23 -> 1 | S23: =(F23) -> 5.5555556
A24: =('[1]ESCALA DE PRODUÇÃO'!B23) -> 8396 | B24: =_xlfn.XLOOKUP(A24,'[1]ESCALA DE PRODUÇÃO'!$AL$1:$AL$1048566,'[1]ESCALA DE PRODUÇÃO'!$AJ$1:$AJ$1048566,"NÃO ENCOTRADO") -> 008396 - ROTISSERIA LAGARTO AO MOLHO MADEIRA BENDITO KG | C24: 0 | D24: =_xlfn.XLOOKUP(A24,'[1]ESCALA DE PRODUÇÃO'!$AL$1:$AL$1048566,'[1]ESCALA DE PRODUÇÃO'!$AK$1:$AK$1048566,"0") -> KG/0001 | E24: ='[2]ESCALA DE PRODUÇÃO'!D23 -> 0 | F24: =IFERROR(C24/E24,"0") -> 0 | G24: =_xlfn.XLOOKUP(A24,'[1]ESCALA DE PRODUÇÃO'!$AL$1:$AL$1048566,'[1]ESCALA DE PRODUÇÃO'!$AM$1:$AM$1048566,"SEM PREÇO") -> 94.9 | H24: =IFERROR(C24*G24,"0") -> 0 | I24: =_xlfn.XLOOKUP(A24,'DADOS DE VENDA'!A:A,'DADOS DE VENDA'!D:D,"SEM VENDA") -> SEM VENDA | J24: =IFERROR(I24/E24,"0") -> 0 | K24: =IFERROR(I24*G24,"0") -> 0 | L24: =_xlfn.XLOOKUP(A24,'DADOS DE VENDA'!A:A,'DADOS DE VENDA'!E:E,"RUPTURA NO PERIODO") -> RUPTURA NO PERIODO | M24: {=_xlfn.IFS(C24<I24,"ABAIXO",C24>I24,"ACIMA",C24=I24,"OK")} -> ABAIXO | P24: =A24 -> 8396 | Q24: =_xlfn.XLOOKUP(P24,'[1]ESCALA DE PRODUÇÃO'!$AL$1:$AL$1048566,'[1]ESCALA DE PRODUÇÃO'!$AJ$1:$AJ$1048566,"NÃO ENCOTRADO") -> 008396 - ROTISSERIA LAGARTO AO MOLHO MADEIRA BENDITO KG | R24: =C24 -> 0 | S24: =(F24) -> 0
A25: COD | B25: SALADAS COZIDAS | C25: QTD | D25: KG/UN | E25: P.PADRÃO | F25: Q.PCT | G25: PREÇO | H25: TOTAL | I25: VENDA QTD | J25: EM PCT | K25: EM VALORES | L25: PERIODO BASE | M25: STATUS | P25: COD | Q25: SALADAS COZIDAS | R25: QTD | S25: Q.PCT
A26: =('[1]ESCALA DE PRODUÇÃO'!B25) -> 0 | B26: =_xlfn.XLOOKUP(A26,'[1]ESCALA DE PRODUÇÃO'!$AL$1:$AL$1048566,'[1]ESCALA DE PRODUÇÃO'!$AJ$1:$AJ$1048566,"NÃO ENCOTRADO") -> NÃO ENCOTRADO | C26: 3.5 | D26: =_xlfn.XLOOKUP(A26,'[1]ESCALA DE PRODUÇÃO'!$AL$1:$AL$1048566,'[1]ESCALA DE PRODUÇÃO'!$AK$1:$AK$1048566,"0") -> 0 | E26: ='[2]ESCALA DE PRODUÇÃO'!D25 -> 0.35 | F26: =IFERROR(C26/E26,"0") -> 10 | G26: =_xlfn.XLOOKUP(A26,'[1]ESCALA DE PRODUÇÃO'!$AL$1:$AL$1048566,'[1]ESCALA DE PRODUÇÃO'!$AM$1:$AM$1048566,"SEM PREÇO") -> SEM PREÇO | H26: =IFERROR(C26*G26,"0") -> 0 | I26: =_xlfn.XLOOKUP(A26,'DADOS DE VENDA'!A:A,'DADOS DE VENDA'!D:D,"SEM VENDA") -> SEM VENDA | J26: =IFERROR(I26/E26,"0") -> 0 | K26: =IFERROR(I26*G26,"0") -> 0 | L26: =_xlfn.XLOOKUP(A26,'DADOS DE VENDA'!A:A,'DADOS DE VENDA'!E:E,"RUPTURA NO PERIODO") -> RUPTURA NO PERIODO | M26: {=_xlfn.IFS(C26<I26,"ABAIXO",C26>I26,"ACIMA",C26=I26,"OK")} -> ABAIXO | P26: =A26 -> 0 | Q26: =_xlfn.XLOOKUP(P26,'[1]ESCALA DE PRODUÇÃO'!$AL$1:$AL$1048566,'[1]ESCALA DE PRODUÇÃO'!$AJ$1:$AJ$1048566,"NÃO ENCOTRADO") -> NÃO ENCOTRADO | R26: =C26 -> 3.5 | S26: =(F26) -> 10
A27: =('[1]ESCALA DE PRODUÇÃO'!B26) -> 8221 | B27: =_xlfn.XLOOKUP(A27,'[1]ESCALA DE PRODUÇÃO'!$AL$1:$AL$1048566,'[1]ESCALA DE PRODUÇÃO'!$AJ$1:$AJ$1048566,"NÃO ENCOTRADO") -> 008221 - ROTISSERIA CAPONATA BERINJELA BENDITO KG | C27: 2 | D27: =_xlfn.XLOOKUP(A27,'[1]ESCALA DE PRODUÇÃO'!$AL$1:$AL$1048566,'[1]ESCALA DE PRODUÇÃO'!$AK$1:$AK$1048566,"0") -> KG/0001 | E27: ='[2]ESCALA DE PRODUÇÃO'!D26 -> 0.25 | F27: =IFERROR(C27/E27,"0") -> 8 | G27: =_xlfn.XLOOKUP(A27,'[1]ESCALA DE PRODUÇÃO'!$AL$1:$AL$1048566,'[1]ESCALA DE PRODUÇÃO'!$AM$1:$AM$1048566,"SEM PREÇO") -> 39.9 | H27: =IFERROR(C27*G27,"0") -> 79.8 | I27: =_xlfn.XLOOKUP(A27,'DADOS DE VENDA'!A:A,'DADOS DE VENDA'!D:D,"SEM VENDA") -> 0.27 | J27: =IFERROR(I27/E27,"0") -> 1.08 | K27: =IFERROR(I27*G27,"0") -> 10.773 | L27: =_xlfn.XLOOKUP(A27,'DADOS DE VENDA'!A:A,'DADOS DE VENDA'!E:E,"RUPTURA NO PERIODO") -> 19/01 a20/01 | M27: {=_xlfn.IFS(C27<I27,"ABAIXO",C27>I27,"ACIMA",C27=I27,"OK")} -> ACIMA | P27: =A27 -> 8221 | Q27: =_xlfn.XLOOKUP(P27,'[1]ESCALA DE PRODUÇÃO'!$AL$1:$AL$1048566,'[1]ESCALA DE PRODUÇÃO'!$AJ$1:$AJ$1048566,"NÃO ENCOTRADO") -> 008221 - ROTISSERIA CAPONATA BERINJELA BENDITO KG | R27: =C27 -> 2 | S27: =(F27) -> 8
B28: VALORES | C28: META | F28: PEDIDO | G28: =SUM(H4+H5+H6+H8+H9+H10+H12+H13+H15+H16+H18+H19+H20+H22+H24+H26+H27) -> 1058.28 | I28: ULT.VENDA | J28: =SUM(K4+K5+K6+K8+K9+K10+K12+K13+K15+K16+K18+K19+K20+K22+K24+K26+K27) -> 794.497 | P28: TOTAL | R28: =G28 -> 1058.28
A31: SEGUNDA (LOJA 1 DESCONTÃO-ROTISSERIA) | I31: SUJESTÃO DE PEDIDO | P31: =P1 | R31: DATA | S31: =S1 -> 46048
A32: SALADAS C/PROTEINAS | C32: pedido | D32: INFORMAÇÕES DO PEDIDO | I32: INFORMAÇÕES SUGESTÃO DE PEDIDO | P32: SALADAS C/PROTEINAS | R32: INFORMAÇÕES DO PEDIDO
A33: COD | B33: SALADAS PROTEICAS | C33: QTD | D33: KG/UN | E33: P.PADRÃO | F33: Q.PCT | G33: PREÇO | H33: TOTAL | I33: VENDA QTD | J33: EM PCT | K33: EM VALORES | L33: PERIODO BASE | M33: STATUS | P33: COD | Q33: SALADAS PROTEICAS | R33: QTD | S33: Q.PCT
A34: ='[2]ESCALA DE PRODUÇÃO'!B28 -> 8963 | B34: =_xlfn.XLOOKUP(A34,'[1]ESCALA DE PRODUÇÃO'!$AL$1:$AL$1048566,'[1]ESCALA DE PRODUÇÃO'!$AJ$1:$AJ$1048566,"NÃO ENCOTRADO") -> 008963 - ROTISSERIA SALADA CEASER C/FRANGO BENDITO | C34: 4 | D34: =_xlfn.XLOOKUP(A34,'[1]ESCALA DE PRODUÇÃO'!$AL$1:$AL$1048566,'[1]ESCALA DE PRODUÇÃO'!$AK$1:$AK$1048566,"0") -> UN/0001 | E34: =('[2]ESCALA DE PRODUÇÃO'!D28) -> 1 | F34: =IFERROR(C34/E34,"0") -> 4 | G34: =_xlfn.XLOOKUP(A34,'[1]ESCALA DE PRODUÇÃO'!$AL$1:$AL$1048566,'[1]ESCALA DE PRODUÇÃO'!$AM$1:$AM$1048566,"SEM PREÇO") -> 24.9 | H34: =IFERROR(C34*G34,"0") -> 99.6 | I34: =_xlfn.XLOOKUP(A34,'DADOS DE VENDA'!A:A,'DADOS DE VENDA'!D:D,"SEM VENDA") -> 5 | J34: =IFERROR(I34/E34,"0") -> 5 | K34: =IFERROR(I34*G34,"0") -> 124.5 | L34: =_xlfn.XLOOKUP(A34,'DADOS DE VENDA'!A:A,'DADOS DE VENDA'!E:E,"RUPTURA NO PERIODO") -> 19/01 a20/01 | M34: {=_xlfn.IFS(C34<I34,"ABAIXO",C34>I34,"ACIMA",C34=I34,"OK")} -> ABAIXO | P34: =A34 -> 8963 | Q34: =_xlfn.XLOOKUP(P34,'[1]ESCALA DE PRODUÇÃO'!$AL$1:$AL$1048566,'[1]ESCALA DE PRODUÇÃO'!$AJ$1:$AJ$1048566,"NÃO ENCOTRADO") -> 008963 - ROTISSERIA SALADA CEASER C/FRANGO BENDITO | R34: =C34 -> 4 | S34: =F34 -> 4
A35: ='[2]ESCALA DE PRODUÇÃO'!B29 -> 8962 | B35: =_xlfn.XLOOKUP(A35,'[1]ESCALA DE PRODUÇÃO'!$AL$1:$AL$1048566,'[1]ESCALA DE PRODUÇÃO'!$AJ$1:$AJ$1048566,"NÃO ENCOTRADO") -> 008962 - ROTISSERIA SALADA MIX DE FOLHA E LEGUMES C/PROTEINAS BENDITO | C35: 0 | D35: =_xlfn.XLOOKUP(A35,'[1]ESCALA DE PRODUÇÃO'!$AL$1:$AL$1048566,'[1]ESCALA DE PRODUÇÃO'!$AK$1:$AK$1048566,"0") -> UN/0001 | E35: =('[2]ESCALA DE PRODUÇÃO'!D29) -> 1 | F35: =IFERROR(C35/E35,"0") -> 0 | G35: =_xlfn.XLOOKUP(A35,'[1]ESCALA DE PRODUÇÃO'!$AL$1:$AL$1048566,'[1]ESCALA DE PRODUÇÃO'!$AM$1:$AM$1048566,"SEM PREÇO") -> 21.9 | H35: =IFERROR(C35*G35,"0") -> 0 | I35: =_xlfn.XLOOKUP(A35,'DADOS DE VENDA'!A:A,'DADOS DE VENDA'!D:D,"SEM VENDA") -> SEM VENDA | J35: =IFERROR(I35/E35,"0") -> 0 | K35: =IFERROR(I35*G35,"0") -> 0 | L35: =_xlfn.XLOOKUP(A35,'DADOS DE VENDA'!A:A,'DADOS DE VENDA'!E:E,"RUPTURA NO PERIODO") -> RUPTURA NO PERIODO | M35: {=_xlfn.IFS(C35<I35,"ABAIXO",C35>I35,"ACIMA",C35=I35,"OK")} -> ABAIXO | P35: =A35 -> 8962 | Q35: =_xlfn.XLOOKUP(P35,'[1]ESCALA DE PRODUÇÃO'!$AL$1:$AL$1048566,'[1]ESCALA DE PRODUÇÃO'!$AJ$1:$AJ$1048566,"NÃO ENCOTRADO") -> 008962 - ROTISSERIA SALADA MIX DE FOLHA E LEGUMES C/PROTEINAS BENDITO | R35: =C35 -> 0 | S35: =F35 -> 0
A36: ='[2]ESCALA DE PRODUÇÃO'!B30 -> 30 | B36: =_xlfn.XLOOKUP(A36,'[1]ESCALA DE PRODUÇÃO'!$AL$1:$AL$1048566,'[1]ESCALA DE PRODUÇÃO'!$AJ$1:$AJ$1048566,"NÃO ENCOTRADO") -> NÃO ENCOTRADO | C36: 0 | D36: =_xlfn.XLOOKUP(A36,'[1]ESCALA DE PRODUÇÃO'!$AL$1:$AL$1048566,'[1]ESCALA DE PRODUÇÃO'!$AK$1:$AK$1048566,"0") -> 0 | E36: =('[2]ESCALA DE PRODUÇÃO'!D30) -> 0 | F36: =IFERROR(C36/E36,"0") -> 0 | G36: =_xlfn.XLOOKUP(A36,'[1]ESCALA DE PRODUÇÃO'!$AL$1:$AL$1048566,'[1]ESCALA DE PRODUÇÃO'!$AM$1:$AM$1048566,"SEM PREÇO") -> SEM PREÇO | H36: =IFERROR(C36*G36,"0") -> 0 | I36: =_xlfn.XLOOKUP(A36,'DADOS DE VENDA'!A:A,'DADOS DE VENDA'!D:D,"SEM VENDA") -> SEM VENDA | J36: =IFERROR(I36/E36,"0") -> 0 | K36: =IFERROR(I36*G36,"0") -> 0 | L36: =_xlfn.XLOOKUP(A36,'DADOS DE VENDA'!A:A,'DADOS DE VENDA'!E:E,"RUPTURA NO PERIODO") -> RUPTURA NO PERIODO | M36: {=_xlfn.IFS(C36<I36,"ABAIXO",C36>I36,"ACIMA",C36=I36,"OK")} -> ABAIXO | P36: =A36 -> 30 | Q36: =_xlfn.XLOOKUP(P36,'[1]ESCALA DE PRODUÇÃO'!$AL$1:$AL$1048566,'[1]ESCALA DE PRODUÇÃO'!$AJ$1:$AJ$1048566,"NÃO ENCOTRADO") -> NÃO ENCOTRADO | R36: =C36 -> 0 | S36: =F36 -> 0
A37: COD | B37: SUSHI | C37: QTD | D37: KG/UN | E37: P.PADRÃO | F37: Q.PCT | G37: PREÇO | H37: TOTAL | I37: VENDA QTD | J37: EM PCT | K37: EM VALORES | L37: PERIODO BASE | M37: STATUS | P37: COD | Q37: SUSHI | R37: QTD | S37: Q.PCT
A38: ='[2]ESCALA DE PRODUÇÃO'!B32 -> 9124 | B38: =_xlfn.XLOOKUP(A38,'[1]ESCALA DE PRODUÇÃO'!$AL$1:$AL$1048566,'[1]ESCALA DE PRODUÇÃO'!$AJ$1:$AJ$1048566,"NÃO ENCOTRADO") -> 009124 - ROTISSERIA HOT HOLL BENDITO UN | C38: 5 | D38: =_xlfn.XLOOKUP(A38,'[1]ESCALA DE PRODUÇÃO'!$AL$1:$AL$1048566,'[1]ESCALA DE PRODUÇÃO'!$AK$1:$AK$1048566,"0") -> UN/0001 | E38: =('[2]ESCALA DE PRODUÇÃO'!D32) -> 1 | F38: =IFERROR(C38/E38,"0") -> 5 | G38: =_xlfn.XLOOKUP(A38,'[1]ESCALA DE PRODUÇÃO'!$AL$1:$AL$1048566,'[1]ESCALA DE PRODUÇÃO'!$AM$1:$AM$1048566,"SEM PREÇO") -> 25.9 | H38: =IFERROR(C38*G38,"0") -> 129.5 | I38: =_xlfn.XLOOKUP(A38,'DADOS DE VENDA'!A:A,'DADOS DE VENDA'!D:D,"SEM VENDA") -> 8 | J38: =IFERROR(I38/E38,"0") -> 8 | K38: =IFERROR(I38*G38,"0") -> 207.2 | L38: =_xlfn.XLOOKUP(A38,'DADOS DE VENDA'!A:A,'DADOS DE VENDA'!E:E,"RUPTURA NO PERIODO") -> 19/01 a20/01 | M38: {=_xlfn.IFS(C38<I38,"ABAIXO",C38>I38,"ACIMA",C38=I38,"OK")} -> ABAIXO | P38: =A38 -> 9124 | Q38: =_xlfn.XLOOKUP(P38,'[1]ESCALA DE PRODUÇÃO'!$AL$1:$AL$1048566,'[1]ESCALA DE PRODUÇÃO'!$AJ$1:$AJ$1048566,"NÃO ENCOTRADO") -> 009124 - ROTISSERIA HOT HOLL BENDITO UN | R38: =C38 -> 5 | S38: =F38 -> 5
A39: ='[2]ESCALA DE PRODUÇÃO'!B33 -> 9119 | B39: =_xlfn.XLOOKUP(A39,'[1]ESCALA DE PRODUÇÃO'!$AL$1:$AL$1048566,'[1]ESCALA DE PRODUÇÃO'!$AJ$1:$AJ$1048566,"NÃO ENCOTRADO") -> 009119 - ROTISSERIA CALIFORNIA BENDITO UN | C39: 4 | D39: =_xlfn.XLOOKUP(A39,'[1]ESCALA DE PRODUÇÃO'!$AL$1:$AL$1048566,'[1]ESCALA DE PRODUÇÃO'!$AK$1:$AK$1048566,"0") -> UN/0001 | E39: =('[2]ESCALA DE PRODUÇÃO'!D33) -> 1 | F39: =IFERROR(C39/E39,"0") -> 4 | G39: =_xlfn.XLOOKUP(A39,'[1]ESCALA DE PRODUÇÃO'!$AL$1:$AL$1048566,'[1]ESCALA DE PRODUÇÃO'!$AM$1:$AM$1048566,"SEM PREÇO") -> 19.9 | H39: =IFERROR(C39*G39,"0") -> 79.6 | I39: =_xlfn.XLOOKUP(A39,'DADOS DE VENDA'!A:A,'DADOS DE VENDA'!D:D,"SEM VENDA") -> SEM VENDA | J39: =IFERROR(I39/E39,"0") -> 0 | K39: =IFERROR(I39*G39,"0") -> 0 | L39: =_xlfn.XLOOKUP(A39,'DADOS DE VENDA'!A:A,'DADOS DE VENDA'!E:E,"RUPTURA NO PERIODO") -> RUPTURA NO PERIODO | M39: {=_xlfn.IFS(C39<I39,"ABAIXO",C39>I39,"ACIMA",C39=I39,"OK")} -> ABAIXO | P39: =A39 -> 9119 | Q39: =_xlfn.XLOOKUP(P39,'[1]ESCALA DE PRODUÇÃO'!$AL$1:$AL$1048566,'[1]ESCALA DE PRODUÇÃO'!$AJ$1:$AJ$1048566,"NÃO ENCOTRADO") -> 009119 - ROTISSERIA CALIFORNIA BENDITO UN | R39: =C39 -> 4 | S39: =F39 -> 4
A40: ='[2]ESCALA DE PRODUÇÃO'!B34 -> 60 | B40: =_xlfn.XLOOKUP(A40,'[1]ESCALA DE PRODUÇÃO'!$AL$1:$AL$1048566,'[1]ESCALA DE PRODUÇÃO'!$AJ$1:$AJ$1048566,"NÃO ENCOTRADO") -> NÃO ENCOTRADO | C40: 0 | D40: =_xlfn.XLOOKUP(A40,'[1]ESCALA DE PRODUÇÃO'!$AL$1:$AL$1048566,'[1]ESCALA DE PRODUÇÃO'!$AK$1:$AK$1048566,"0") -> 0 | E40: =('[2]ESCALA DE PRODUÇÃO'!D34) -> 0 | F40: =IFERROR(C40/E40,"0") -> 0 | G40: =_xlfn.XLOOKUP(A40,'[1]ESCALA DE PRODUÇÃO'!$AL$1:$AL$1048566,'[1]ESCALA DE PRODUÇÃO'!$AM$1:$AM$1048566,"SEM PREÇO") -> SEM PREÇO | H40: =IFERROR(C40*G40,"0") -> 0 | I40: =_xlfn.XLOOKUP(A40,'DADOS DE VENDA'!A:A,'DADOS DE VENDA'!D:D,"SEM VENDA") -> SEM VENDA | J40: =IFERROR(I40/E40,"0") -> 0 | K40: =IFERROR(I40*G40,"0") -> 0 | L40: =_xlfn.XLOOKUP(A40,'DADOS DE VENDA'!A:A,'DADOS DE VENDA'!E:E,"RUPTURA NO PERIODO") -> RUPTURA NO PERIODO | M40: {=_xlfn.IFS(C40<I40,"ABAIXO",C40>I40,"ACIMA",C40=I40,"OK")} -> ABAIXO | P40: =A40 -> 60 | Q40: =_xlfn.XLOOKUP(P40,'[1]ESCALA DE PRODUÇÃO'!$AL$1:$AL$1048566,'[1]ESCALA DE PRODUÇÃO'!$AJ$1:$AJ$1048566,"NÃO ENCOTRADO") -> NÃO ENCOTRADO | R40: =C40 -> 0 | S40: =F40 -> 0
A41: COD | B41: POKE /TEMAKI | C41: QTD | D41: KG/UN | E41: P.PADRÃO | F41: Q.PCT | G41: PREÇO | H41: TOTAL | I41: VENDA QTD | J41: EM PCT | K41: EM VALORES | L41: PERIODO BASE | M41: STATUS | P41: COD | Q41: POKE /TEMAKI | R41: QTD | S41: Q.PCT
A42: ='[2]ESCALA DE PRODUÇÃO'!B36 -> 9125 | B42: =_xlfn.XLOOKUP(A42,'[1]ESCALA DE PRODUÇÃO'!$AL$1:$AL$1048566,'[1]ESCALA DE PRODUÇÃO'!$AJ$1:$AJ$1048566,"NÃO ENCOTRADO") -> 009125 - ROTISSERIA SALADA POKE DE KANI BENDITO UN | C42: 0 | D42: =_xlfn.XLOOKUP(A42,'[1]ESCALA DE PRODUÇÃO'!$AL$1:$AL$1048566,'[1]ESCALA DE PRODUÇÃO'!$AK$1:$AK$1048566,"0") -> UN/0001 | E42: =('[2]ESCALA DE PRODUÇÃO'!D36) -> 1 | F42: =IFERROR(C42/E42,"0") -> 0 | G42: =_xlfn.XLOOKUP(A42,'[1]ESCALA DE PRODUÇÃO'!$AL$1:$AL$1048566,'[1]ESCALA DE PRODUÇÃO'!$AM$1:$AM$1048566,"SEM PREÇO") -> 28.9 | H42: =IFERROR(C42*G42,"0") -> 0 | I42: =_xlfn.XLOOKUP(A42,'DADOS DE VENDA'!A:A,'DADOS DE VENDA'!D:D,"SEM VENDA") -> SEM VENDA | J42: =IFERROR(I42/E42,"0") -> 0 | K42: =IFERROR(I42*G42,"0") -> 0 | L42: =_xlfn.XLOOKUP(A42,'DADOS DE VENDA'!A:A,'DADOS DE VENDA'!E:E,"RUPTURA NO PERIODO") -> RUPTURA NO PERIODO | M42: {=_xlfn.IFS(C42<I42,"ABAIXO",C42>I42,"ACIMA",C42=I42,"OK")} -> ABAIXO | P42: =A42 -> 9125 | Q42: =_xlfn.XLOOKUP(P42,'[1]ESCALA DE PRODUÇÃO'!$AL$1:$AL$1048566,'[1]ESCALA DE PRODUÇÃO'!$AJ$1:$AJ$1048566,"NÃO ENCOTRADO") -> 009125 - ROTISSERIA SALADA POKE DE KANI BENDITO UN | R42: =C42 -> 0 | S42: =F42 -> 0
A43: ='[2]ESCALA DE PRODUÇÃO'!B37 -> 9129 | B43: =_xlfn.XLOOKUP(A43,'[1]ESCALA DE PRODUÇÃO'!$AL$1:$AL$1048566,'[1]ESCALA DE PRODUÇÃO'!$AJ$1:$AJ$1048566,"NÃO ENCOTRADO") -> 009129 - ROTISSERIA SALADA POKE DE SHIMEJI BENDITO UN | C43: 0 | D43: =_xlfn.XLOOKUP(A43,'[1]ESCALA DE PRODUÇÃO'!$AL$1:$AL$1048566,'[1]ESCALA DE PRODUÇÃO'!$AK$1:$AK$1048566,"0") -> UN/0001 | E43: =('[2]ESCALA DE PRODUÇÃO'!D37) -> 1 | F43: =IFERROR(C43/E43,"0") -> 0 | G43: =_xlfn.XLOOKUP(A43,'[1]ESCALA DE PRODUÇÃO'!$AL$1:$AL$1048566,'[1]ESCALA DE PRODUÇÃO'!$AM$1:$AM$1048566,"SEM PREÇO") -> 29.9 | H43: =IFERROR(C43*G43,"0") -> 0 | I43: =_xlfn.XLOOKUP(A43,'DADOS DE VENDA'!A:A,'DADOS DE VENDA'!D:D,"SEM VENDA") -> SEM VENDA | J43: =IFERROR(I43/E43,"0") -> 0 | K43: =IFERROR(I43*G43,"0") -> 0 | L43: =_xlfn.XLOOKUP(A43,'DADOS DE VENDA'!A:A,'DADOS DE VENDA'!E:E,"RUPTURA NO PERIODO") -> RUPTURA NO PERIODO | M43: {=_xlfn.IFS(C43<I43,"ABAIXO",C43>I43,"ACIMA",C43=I43,"OK")} -> ABAIXO | P43: =A43 -> 9129 | Q43: =_xlfn.XLOOKUP(P43,'[1]ESCALA DE PRODUÇÃO'!$AL$1:$AL$1048566,'[1]ESCALA DE PRODUÇÃO'!$AJ$1:$AJ$1048566,"NÃO ENCOTRADO") -> 009129 - ROTISSERIA SALADA POKE DE SHIMEJI BENDITO UN | R43: =C43 -> 0 | S43: =F43 -> 0
A44: ='[2]ESCALA DE PRODUÇÃO'!B38 -> 90 | B44: =_xlfn.XLOOKUP(A44,'[1]ESCALA DE PRODUÇÃO'!$AL$1:$AL$1048566,'[1]ESCALA DE PRODUÇÃO'!$AJ$1:$AJ$1048566,"NÃO ENCOTRADO") -> NÃO ENCOTRADO | C44: 0 | D44: =_xlfn.XLOOKUP(A44,'[1]ESCALA DE PRODUÇÃO'!$AL$1:$AL$1048566,'[1]ESCALA DE PRODUÇÃO'!$AK$1:$AK$1048566,"0") -> 0 | E44: =('[2]ESCALA DE PRODUÇÃO'!D38) -> 0 | F44: =IFERROR(C44/E44,"0") -> 0 | G44: =_xlfn.XLOOKUP(A44,'[1]ESCALA DE PRODUÇÃO'!$AL$1:$AL$1048566,'[1]ESCALA DE PRODUÇÃO'!$AM$1:$AM$1048566,"SEM PREÇO") -> SEM PREÇO | H44: =IFERROR(C44*G44,"0") -> 0 | I44: =_xlfn.XLOOKUP(A44,'DADOS DE VENDA'!A:A,'DADOS DE VENDA'!D:D,"SEM VENDA") -> SEM VENDA | J44: =IFERROR(I44/E44,"0") -> 0 | K44: =IFERROR(I44*G44,"0") -> 0 | L44: =_xlfn.XLOOKUP(A44,'DADOS DE VENDA'!A:A,'DADOS DE VENDA'!E:E,"RUPTURA NO PERIODO") -> RUPTURA NO PERIODO | M44: {=_xlfn.IFS(C44<I44,"ABAIXO",C44>I44,"ACIMA",C44=I44,"OK")} -> ABAIXO | P44: =A44 -> 90 | Q44: =_xlfn.XLOOKUP(P44,'[1]ESCALA DE PRODUÇÃO'!$AL$1:$AL$1048566,'[1]ESCALA DE PRODUÇÃO'!$AJ$1:$AJ$1048566,"NÃO ENCOTRADO") -> NÃO ENCOTRADO | R44: =C44 -> 0 | S44: =F44 -> 0
B45: VALORES | C45: META | F45: PEDIDO | G45: =SUM(H34,H35,H36,H38,H39,H40,H42,H43,H44) -> 308.7 | I45: ULT.VENDA | J45: =SUM(K21+K22+K24+K26+K27+K28+K30+K31+K33+K34+K36+K37+K38+K40+K41+K43+K44) -> #VALUE! | P45: TOTAL | R45: =G45 -> 308.7
A47: SEGUNDA (LOJA 1 DESCONTÃO-ROTISSERIA) | I47: SUJESTÃO DE PEDIDO | P47: =P31 | R47: DATA | S47: =S31 -> 46048
A48: MASSAS/MOLHOS/GELEIAS | C48: PEDIDO | D48: INFORMAÇÕES DO PEDIDO | I48: INFORMAÇÕES SUGESTÃO DE PEDIDO | P48: MASSAS/MOLHOS/GELEIAS | R48: INFORMAÇÕES DO PEDIDO
A49: COD | B49: MASSAS | C49: QTD | D49: KG/UN | E49: P.PADRÃO | F49: Q.PCT | G49: PREÇO | H49: TOTAL | I49: VENDA QTD | J49: EM PCT | K49: EM VALORES | L49: PERIODO BASE | M49: STATUS | P49: COD | Q49: MASSAS | R49: QTD | S49: Q.PCT
A50: =('[1]ESCALA DE PRODUÇÃO'!B41) -> 8307 | B50: =_xlfn.XLOOKUP(A50,'[1]ESCALA DE PRODUÇÃO'!$AL$1:$AL$1048566,'[1]ESCALA DE PRODUÇÃO'!$AJ$1:$AJ$1048566,"NÃO ENCOTRADO") -> 008307 - ROTISSERIA ESCONDIDINHO DE CARNE SECA BENDITO KG | C50: 2 | D50: =_xlfn.XLOOKUP(A50,'[1]ESCALA DE PRODUÇÃO'!$AL$1:$AL$1048566,'[1]ESCALA DE PRODUÇÃO'!$AK$1:$AK$1048566,"0") -> KG/0001 | E50: =('[2]ESCALA DE PRODUÇÃO'!D40) -> 0.45 | F50: =IFERROR(C50/E50,"0") -> 4.4444444 | G50: =_xlfn.XLOOKUP(A50,'[1]ESCALA DE PRODUÇÃO'!$AL$1:$AL$1048566,'[1]ESCALA DE PRODUÇÃO'!$AM$1:$AM$1048566,"SEM PREÇO") -> 57.9 | H50: =IFERROR(C50*G50,"0") -> 115.8 | I50: =_xlfn.XLOOKUP(A50,'DADOS DE VENDA'!A:A,'DADOS DE VENDA'!D:D,"SEM VENDA") -> SEM VENDA | J50: =IFERROR(I50/E50,"0") -> 0 | K50: =IFERROR(I50*G50,"0") -> 0 | L50: =_xlfn.XLOOKUP(A50,'DADOS DE VENDA'!A:A,'DADOS DE VENDA'!E:E,"RUPTURA NO PERIODO") -> RUPTURA NO PERIODO | M50: {=_xlfn.IFS(C50<I50,"ABAIXO",C50>I50,"ACIMA",C50=I50,"OK")} -> ABAIXO | P50: =A50 -> 8307 | Q50: =_xlfn.XLOOKUP(P50,'[1]ESCALA DE PRODUÇÃO'!$AL$1:$AL$1048566,'[1]ESCALA DE PRODUÇÃO'!$AJ$1:$AJ$1048566,"NÃO ENCOTRADO") -> 008307 - ROTISSERIA ESCONDIDINHO DE CARNE SECA BENDITO KG | R50: =(C50) -> 2 | S50: =F50 -> 4.4444444
A51: =('[1]ESCALA DE PRODUÇÃO'!B42) -> 8316 | B51: =_xlfn.XLOOKUP(A51,'[1]ESCALA DE PRODUÇÃO'!$AL$1:$AL$1048566,'[1]ESCALA DE PRODUÇÃO'!$AJ$1:$AJ$1048566,"NÃO ENCOTRADO") -> 008316 - ROTISSERIA ESCONDIDINHO FRANGO BENDITO KG | C51: 2 | D51: =_xlfn.XLOOKUP(A51,'[1]ESCALA DE PRODUÇÃO'!$AL$1:$AL$1048566,'[1]ESCALA DE PRODUÇÃO'!$AK$1:$AK$1048566,"0") -> KG/0001 | E51: =('[2]ESCALA DE PRODUÇÃO'!D41) -> 0.45 | F51: =IFERROR(C51/E51,"0") -> 4.4444444 | G51: =_xlfn.XLOOKUP(A51,'[1]ESCALA DE PRODUÇÃO'!$AL$1:$AL$1048566,'[1]ESCALA DE PRODUÇÃO'!$AM$1:$AM$1048566,"SEM PREÇO") -> 57.9 | H51: =IFERROR(C51*G51,"0") -> 115.8 | I51: =_xlfn.XLOOKUP(A51,'DADOS DE VENDA'!A:A,'DADOS DE VENDA'!D:D,"SEM VENDA") -> SEM VENDA | J51: =IFERROR(I51/E51,"0") -> 0 | K51: =IFERROR(I51*G51,"0") -> 0 | L51: =_xlfn.XLOOKUP(A51,'DADOS DE VENDA'!A:A,'DADOS DE VENDA'!E:E,"RUPTURA NO PERIODO") -> RUPTURA NO PERIODO | M51: {=_xlfn.IFS(C51<I51,"ABAIXO",C51>I51,"ACIMA",C51=I51,"OK")} -> ABAIXO | P51: =A51 -> 8316 | Q51: =_xlfn.XLOOKUP(P51,'[1]ESCALA DE PRODUÇÃO'!$AL$1:$AL$1048566,'[1]ESCALA DE PRODUÇÃO'!$AJ$1:$AJ$1048566,"NÃO ENCOTRADO") -> 008316 - ROTISSERIA ESCONDIDINHO FRANGO BENDITO KG | R51: =(C51) -> 2 | S51: =F51 -> 4.4444444
A52: =('[1]ESCALA DE PRODUÇÃO'!B43) -> 0 | B52: =_xlfn.XLOOKUP(A52,'[1]ESCALA DE PRODUÇÃO'!$AL$1:$AL$1048566,'[1]ESCALA DE PRODUÇÃO'!$AJ$1:$AJ$1048566,"NÃO ENCOTRADO") -> NÃO ENCOTRADO | C52: 2 | D52: =_xlfn.XLOOKUP(A52,'[1]ESCALA DE PRODUÇÃO'!$AL$1:$AL$1048566,'[1]ESCALA DE PRODUÇÃO'!$AK$1:$AK$1048566,"0") -> 0 | E52: =('[2]ESCALA DE PRODUÇÃO'!D42) -> 0.45 | F52: =IFERROR(C52/E52,"0") -> 4.4444444 | G52: =_xlfn.XLOOKUP(A52,'[1]ESCALA DE PRODUÇÃO'!$AL$1:$AL$1048566,'[1]ESCALA DE PRODUÇÃO'!$AM$1:$AM$1048566,"SEM PREÇO") -> SEM PREÇO | H52: =IFERROR(C52*G52,"0") -> 0 | I52: =_xlfn.XLOOKUP(A52,'DADOS DE VENDA'!A:A,'DADOS DE VENDA'!D:D,"SEM VENDA") -> SEM VENDA | J52: =IFERROR(I52/E52,"0") -> 0 | K52: =IFERROR(I52*G52,"0") -> 0 | L52: =_xlfn.XLOOKUP(A52,'DADOS DE VENDA'!A:A,'DADOS DE VENDA'!E:E,"RUPTURA NO PERIODO") -> RUPTURA NO PERIODO | M52: {=_xlfn.IFS(C52<I52,"ABAIXO",C52>I52,"ACIMA",C52=I52,"OK")} -> ABAIXO | P52: =A52 -> 0 | Q52: =_xlfn.XLOOKUP(P52,'[1]ESCALA DE PRODUÇÃO'!$AL$1:$AL$1048566,'[1]ESCALA DE PRODUÇÃO'!$AJ$1:$AJ$1048566,"NÃO ENCOTRADO") -> NÃO ENCOTRADO | R52: =(C52) -> 2 | S52: =F52 -> 4.4444444
A53: =('[1]ESCALA DE PRODUÇÃO'!B44) -> 8333 | B53: =_xlfn.XLOOKUP(A53,'[1]ESCALA DE PRODUÇÃO'!$AL$1:$AL$1048566,'[1]ESCALA DE PRODUÇÃO'!$AJ$1:$AJ$1048566,"NÃO ENCOTRADO") -> 008333 - ROTISSERIA BATATA/RECHEADA BROCOLIS E BACON | C53: 0 | D53: =_xlfn.XLOOKUP(A53,'[1]ESCALA DE PRODUÇÃO'!$AL$1:$AL$1048566,'[1]ESCALA DE PRODUÇÃO'!$AK$1:$AK$1048566,"0") -> KG/0001 | E53: =('[2]ESCALA DE PRODUÇÃO'!D43) -> 0.38 | F53: =IFERROR(C53/E53,"0") -> 0 | G53: =_xlfn.XLOOKUP(A53,'[1]ESCALA DE PRODUÇÃO'!$AL$1:$AL$1048566,'[1]ESCALA DE PRODUÇÃO'!$AM$1:$AM$1048566,"SEM PREÇO") -> 49.9 | H53: =IFERROR(C53*G53,"0") -> 0 | I53: =_xlfn.XLOOKUP(A53,'DADOS DE VENDA'!A:A,'DADOS DE VENDA'!D:D,"SEM VENDA") -> SEM VENDA | J53: =IFERROR(I53/E53,"0") -> 0 | K53: =IFERROR(I53*G53,"0") -> 0 | L53: =_xlfn.XLOOKUP(A53,'DADOS DE VENDA'!A:A,'DADOS DE VENDA'!E:E,"RUPTURA NO PERIODO") -> RUPTURA NO PERIODO | M53: {=_xlfn.IFS(C53<I53,"ABAIXO",C53>I53,"ACIMA",C53=I53,"OK")} -> ABAIXO | P53: =A53 -> 8333 | Q53: =_xlfn.XLOOKUP(P53,'[1]ESCALA DE PRODUÇÃO'!$AL$1:$AL$1048566,'[1]ESCALA DE PRODUÇÃO'!$AJ$1:$AJ$1048566,"NÃO ENCOTRADO") -> 008333 - ROTISSERIA BATATA/RECHEADA BROCOLIS E BACON | R53: =(C53) -> 0 | S53: =F53 -> 0
A54: COD | B54: MASSAS | C54: QTD | D54: KG/UN | E54: P.PADRÃO | F54: Q.PCT | G54: PREÇO | H54: TOTAL | I54: VENDA QTD | J54: EM PCT | K54: EM VALORES | L54: PERIODO BASE | M54: STATUS | P54: COD | Q54: MASSAS | R54: QTD | S54: Q.PCT
A55: =('[1]ESCALA DE PRODUÇÃO'!B46) -> 0 | B55: =_xlfn.XLOOKUP(A55,'[1]ESCALA DE PRODUÇÃO'!$AL$1:$AL$1048566,'[1]ESCALA DE PRODUÇÃO'!$AJ$1:$AJ$1048566,"NÃO ENCOTRADO") -> NÃO ENCOTRADO | C55: 1.5 | D55: =_xlfn.XLOOKUP(A55,'[1]ESCALA DE PRODUÇÃO'!$AL$1:$AL$1048566,'[1]ESCALA DE PRODUÇÃO'!$AK$1:$AK$1048566,"0") -> 0 | E55: =('[2]ESCALA DE PRODUÇÃO'!D45) -> 0.15 | F55: =IFERROR(C55/E55,"0") -> 10 | G55: =_xlfn.XLOOKUP(A55,'[1]ESCALA DE PRODUÇÃO'!$AL$1:$AL$1048566,'[1]ESCALA DE PRODUÇÃO'!$AM$1:$AM$1048566,"SEM PREÇO") -> SEM PREÇO | H55: =IFERROR(C55*G55,"0") -> 0 | I55: =_xlfn.XLOOKUP(A55,'DADOS DE VENDA'!A:A,'DADOS DE VENDA'!D:D,"SEM VENDA") -> SEM VENDA | J55: =IFERROR(I55/E55,"0") -> 0 | K55: =IFERROR(I55*G55,"0") -> 0 | L55: =_xlfn.XLOOKUP(A55,'DADOS DE VENDA'!A:A,'DADOS DE VENDA'!E:E,"RUPTURA NO PERIODO") -> RUPTURA NO PERIODO | M55: {=_xlfn.IFS(C55<I55,"ABAIXO",C55>I55,"ACIMA",C55=I55,"OK")} -> ABAIXO | P55: =A55 -> 0 | Q55: =_xlfn.XLOOKUP(P55,'[1]ESCALA DE PRODUÇÃO'!$AL$1:$AL$1048566,'[1]ESCALA DE PRODUÇÃO'!$AJ$1:$AJ$1048566,"NÃO ENCOTRADO") -> NÃO ENCOTRADO | R55: =(C55) -> 1.5 | S55: =F55 -> 10
A56: =('[1]ESCALA DE PRODUÇÃO'!B47) -> 8386 | B56: =_xlfn.XLOOKUP(A56,'[1]ESCALA DE PRODUÇÃO'!$AL$1:$AL$1048566,'[1]ESCALA DE PRODUÇÃO'!$AJ$1:$AJ$1048566,"NÃO ENCOTRADO") -> 008386 - ROTISSERIA GELEIA DE PIMENTA BENDITO KG | C56: 1.5 | D56: =_xlfn.XLOOKUP(A56,'[1]ESCALA DE PRODUÇÃO'!$AL$1:$AL$1048566,'[1]ESCALA DE PRODUÇÃO'!$AK$1:$AK$1048566,"0") -> KG/0001 | E56: =('[2]ESCALA DE PRODUÇÃO'!D46) -> 0.15 | F56: =IFERROR(C56/E56,"0") -> 10 | G56: =_xlfn.XLOOKUP(A56,'[1]ESCALA DE PRODUÇÃO'!$AL$1:$AL$1048566,'[1]ESCALA DE PRODUÇÃO'!$AM$1:$AM$1048566,"SEM PREÇO") -> 49.9 | H56: =IFERROR(C56*G56,"0") -> 74.85 | I56: =_xlfn.XLOOKUP(A56,'DADOS DE VENDA'!A:A,'DADOS DE VENDA'!D:D,"SEM VENDA") -> 0.17 | J56: =IFERROR(I56/E56,"0") -> 1.1333333 | K56: =IFERROR(I56*G56,"0") -> 8.483 | L56: =_xlfn.XLOOKUP(A56,'DADOS DE VENDA'!A:A,'DADOS DE VENDA'!E:E,"RUPTURA NO PERIODO") -> 19/01 a20/01 | M56: {=_xlfn.IFS(C56<I56,"ABAIXO",C56>I56,"ACIMA",C56=I56,"OK")} -> ACIMA | P56: =A56 -> 8386 | Q56: =_xlfn.XLOOKUP(P56,'[1]ESCALA DE PRODUÇÃO'!$AL$1:$AL$1048566,'[1]ESCALA DE PRODUÇÃO'!$AJ$1:$AJ$1048566,"NÃO ENCOTRADO") -> 008386 - ROTISSERIA GELEIA DE PIMENTA BENDITO KG | R56: =(C56) -> 1.5 | S56: =F56 -> 10
A57: =('[1]ESCALA DE PRODUÇÃO'!B48) -> 8551 | B57: =_xlfn.XLOOKUP(A57,'[1]ESCALA DE PRODUÇÃO'!$AL$1:$AL$1048566,'[1]ESCALA DE PRODUÇÃO'!$AJ$1:$AJ$1048566,"NÃO ENCOTRADO") -> 008551 - ROTISSERIA PATE ALHO BENDITO KG | C57: 0 | D57: =_xlfn.XLOOKUP(A57,'[1]ESCALA DE PRODUÇÃO'!$AL$1:$AL$1048566,'[1]ESCALA DE PRODUÇÃO'!$AK$1:$AK$1048566,"0") -> KG/0001 | E57: =('[2]ESCALA DE PRODUÇÃO'!D47) -> 0.15 | F57: =IFERROR(C57/E57,"0") -> 0 | G57: =_xlfn.XLOOKUP(A57,'[1]ESCALA DE PRODUÇÃO'!$AL$1:$AL$1048566,'[1]ESCALA DE PRODUÇÃO'!$AM$1:$AM$1048566,"SEM PREÇO") -> 59.9 | H57: =IFERROR(C57*G57,"0") -> 0 | I57: =_xlfn.XLOOKUP(A57,'DADOS DE VENDA'!A:A,'DADOS DE VENDA'!D:D,"SEM VENDA") -> 0.12 | J57: =IFERROR(I57/E57,"0") -> 0.8 | K57: =IFERROR(I57*G57,"0") -> 7.188 | L57: =_xlfn.XLOOKUP(A57,'DADOS DE VENDA'!A:A,'DADOS DE VENDA'!E:E,"RUPTURA NO PERIODO") -> 19/01 a20/01 | M57: {=_xlfn.IFS(C57<I57,"ABAIXO",C57>I57,"ACIMA",C57=I57,"OK")} -> ABAIXO | P57: =A57 -> 8551 | Q57: =_xlfn.XLOOKUP(P57,'[1]ESCALA DE PRODUÇÃO'!$AL$1:$AL$1048566,'[1]ESCALA DE PRODUÇÃO'!$AJ$1:$AJ$1048566,"NÃO ENCOTRADO") -> 008551 - ROTISSERIA PATE ALHO BENDITO KG | R57: =(C57) -> 0 | S57: =F57 -> 0
A58: =('[1]ESCALA DE PRODUÇÃO'!B49) -> 8498 | B58: =_xlfn.XLOOKUP(A58,'[1]ESCALA DE PRODUÇÃO'!$AL$1:$AL$1048566,'[1]ESCALA DE PRODUÇÃO'!$AJ$1:$AJ$1048566,"NÃO ENCOTRADO") -> 008498 - ROTISSERIA MOLHO PIMENTA ARTESANAL BENDITO KG | C58: 0 | D58: =_xlfn.XLOOKUP(A58,'[1]ESCALA DE PRODUÇÃO'!$AL$1:$AL$1048566,'[1]ESCALA DE PRODUÇÃO'!$AK$1:$AK$1048566,"0") -> KG/0001 | E58: =('[2]ESCALA DE PRODUÇÃO'!D48) -> 0 | F58: =IFERROR(C58/E58,"0") -> 0 | G58: =_xlfn.XLOOKUP(A58,'[1]ESCALA DE PRODUÇÃO'!$AL$1:$AL$1048566,'[1]ESCALA DE PRODUÇÃO'!$AM$1:$AM$1048566,"SEM PREÇO") -> 29.9 | H58: =IFERROR(C58*G58,"0") -> 0 | I58: =_xlfn.XLOOKUP(A58,'DADOS DE VENDA'!A:A,'DADOS DE VENDA'!D:D,"SEM VENDA") -> SEM VENDA | J58: =IFERROR(I58/E58,"0") -> 0 | K58: =IFERROR(I58*G58,"0") -> 0 | L58: =_xlfn.XLOOKUP(A58,'DADOS DE VENDA'!A:A,'DADOS DE VENDA'!E:E,"RUPTURA NO PERIODO") -> RUPTURA NO PERIODO | M58: {=_xlfn.IFS(C58<I58,"ABAIXO",C58>I58,"ACIMA",C58=I58,"OK")} -> ABAIXO | P58: =A58 -> 8498 | Q58: =_xlfn.XLOOKUP(P58,'[1]ESCALA DE PRODUÇÃO'!$AL$1:$AL$1048566,'[1]ESCALA DE PRODUÇÃO'!$AJ$1:$AJ$1048566,"NÃO ENCOTRADO") -> 008498 - ROTISSERIA MOLHO PIMENTA ARTESANAL BENDITO KG | R58: =(C58) -> 0 | S58: =F58 -> 0
B59: VALORES | C59: META | F59: PEDIDO | G59: =SUM(H50,H51,H52,H53,H55,H56,H57,H58) -> 306.45 | I59: ULT.VENDA | J59: =SUM(K36+K37+K38+K40+K41+K42+K44+K45+K47+K48+K50+K51+K52+K54+K55+K57+K58) -> #VALUE! | P59: TOTAL | R59: =G59 -> 306.45
P62: TOTAL ROTISSERIA | R62: =SUM(R28,R45,R59) -> 1673.43

Sheet TERÇA
A1: TERÇA (LOJA 1 DESCONTÃO-ROTISSERIA) | I1: SUJESTÃO DE PEDIDO | O1: TERÇA FEIRA (LOJA 1 DESCONTÃO-ROTISSERIA) | Q1: DATA | R1: 46049
A2: DESCRIÇÃO PRODUTO | C2: PEDIDO | D2: INFORMAÇÕES DO PEDIDO | I2: INFORMAÇÕES SUGESTÃO DE PEDIDO | O2: ALMOÇO | Q2: INFORMAÇÕES DO PEDIDO
A3: COD | B3: MARMITA 3 DIVISORIAS | C3: QTD | D3: KG/UN | E3: P.PADRÃO | F3: Q.PCT | G3: PREÇO | H3: TOTAL | I3: VENDA QTD | J3: EM PCT | K3: EM VALORES | L3: PERIODO BASE | M3: STATUS | O3: COD | P3: MARMITA 3 DIVISORIAS | Q3: QTD | R3: Q.PCT
A4: =('[1]ESCALA DE PRODUÇÃO'!G3) -> 7875 | B4: =_xlfn.XLOOKUP(A4,'[1]ESCALA DE PRODUÇÃO'!$AL$1:$AL$1048566,'[1]ESCALA DE PRODUÇÃO'!$AJ$1:$AJ$1048566,"NÃO ENCOTRADO") -> 007875 - REFEICAO STROGONOFF FRANGO BENDITO UN | C4: 7 | D4: =_xlfn.XLOOKUP(A4,'[1]ESCALA DE PRODUÇÃO'!$AL$1:$AL$1048566,'[1]ESCALA DE PRODUÇÃO'!$AK$1:$AK$1048566,"0") -> UN/0001 | E4: ='[1]ESCALA DE PRODUÇÃO'!I3 -> 1 | F4: =IFERROR(C4/E4,"0") -> 7 | G4: =_xlfn.XLOOKUP(A4,'[1]ESCALA DE PRODUÇÃO'!$AL$1:$AL$1048566,'[1]ESCALA DE PRODUÇÃO'!$AM$1:$AM$1048566,"SEM PREÇO") -> 23.9 | H4: =IFERROR(C4*G4,"0") -> 167.3 | I4: =_xlfn.XLOOKUP(A4,'DADOS DE VENDA'!G:G,'DADOS DE VENDA'!J:J,"SEM VENDA") -> 7 | J4: =IFERROR(I4/E4,"0") -> 7 | K4: =IFERROR(I4*G4,"0") -> 167.3 | L4: =_xlfn.XLOOKUP(A4,'DADOS DE VENDA'!A:A,'DADOS DE VENDA'!E:E,"RUPTURA NO PERIODO") -> 19/01 a20/01 | M4: {=_xlfn.IFS(C4<I4,"ABAIXO",C4>I4,"ACIMA",C4=I4,"OK")} -> OK | O4: =A4 -> 7875 | P4: =_xlfn.XLOOKUP(O4,'[1]ESCALA DE PRODUÇÃO'!$AL$1:$AL$1048566,'[1]ESCALA DE PRODUÇÃO'!$AJ$1:$AJ$1048566,"NÃO ENCOTRADO") -> 007875 - REFEICAO STROGONOFF FRANGO BENDITO UN | Q4: =C4 -> 7 | R4: =(F4) -> 7
A5: =('[1]ESCALA DE PRODUÇÃO'!G4) -> 7877 | B5: =_xlfn.XLOOKUP(A5,'[1]ESCALA DE PRODUÇÃO'!$AL$1:$AL$1048566,'[1]ESCALA DE PRODUÇÃO'!$AJ$1:$AJ$1048566,"NÃO ENCOTRADO") -> 007877 - REFEICAO TIRINHA CARNE CHINESA BENDITO UN | C5: 11 | D5: =_xlfn.XLOOKUP(A5,'[1]ESCALA DE PRODUÇÃO'!$AL$1:$AL$1048566,'[1]ESCALA DE PRODUÇÃO'!$AK$1:$AK$1048566,"0") -> UN/0001 | E5: ='[1]ESCALA DE PRODUÇÃO'!I4 -> 1 | F5: =IFERROR(C5/E5,"0") -> 11 | G5: =_xlfn.XLOOKUP(A5,'[1]ESCALA DE PRODUÇÃO'!$AL$1:$AL$1048566,'[1]ESCALA DE PRODUÇÃO'!$AM$1:$AM$1048566,"SEM PREÇO") -> 24.9 | H5: =IFERROR(C5*G5,"0") -> 273.9 | I5: =_xlfn.XLOOKUP(A5,'DADOS DE VENDA'!G:G,'DADOS DE VENDA'!J:J,"SEM VENDA") -> 14 | J5: =IFERROR(I5/E5,"0") -> 14 | K5: =IFERROR(I5*G5,"0") -> 348.6 | L5: =_xlfn.XLOOKUP(A5,'DADOS DE VENDA'!A:A,'DADOS DE VENDA'!E:E,"RUPTURA NO PERIODO") -> 19/01 a20/01 | M5: {=_xlfn.IFS(C5<I5,"ABAIXO",C5>I5,"ACIMA",C5=I5,"OK")} -> ABAIXO | O5: =A5 -> 7877 | P5: =_xlfn.XLOOKUP(O5,'[1]ESCALA DE PRODUÇÃO'!$AL$1:$AL$1048566,'[1]ESCALA DE PRODUÇÃO'!$AJ$1:$AJ$1048566,"NÃO ENCOTRADO") -> 007877 - REFEICAO TIRINHA CARNE CHINESA BENDITO UN | Q5: =C5 -> 11 | R5: =(F5) -> 11
A6: =('[1]ESCALA DE PRODUÇÃO'!G5) -> 7305 | B6: =_xlfn.XLOOKUP(A6,'[1]ESCALA DE PRODUÇÃO'!$AL$1:$AL$1048566,'[1]ESCALA DE PRODUÇÃO'!$AJ$1:$AJ$1048566,"NÃO ENCOTRADO") -> NÃO ENCOTRADO | C6: 0 | D6: =_xlfn.XLOOKUP(A6,'[1]ESCALA DE PRODUÇÃO'!$AL$1:$AL$1048566,'[1]ESCALA DE PRODUÇÃO'!$AK$1:$AK$1048566,"0") -> 0 | E6: ='[1]ESCALA DE PRODUÇÃO'!I5 -> 1 | F6: =IFERROR(C6/E6,"0") -> 0 | G6: =_xlfn.XLOOKUP(A6,'[1]ESCALA DE PRODUÇÃO'!$AL$1:$AL$1048566,'[1]ESCALA DE PRODUÇÃO'!$AM$1:$AM$1048566,"SEM PREÇO") -> SEM PREÇO | H6: =IFERROR(C6*G6,"0") -> 0 | I6: =_xlfn.XLOOKUP(A6,'DADOS DE VENDA'!G:G,'DADOS DE VENDA'!J:J,"SEM VENDA") -> SEM VENDA | J6: =IFERROR(I6/E6,"0") -> 0 | K6: =IFERROR(I6*G6,"0") -> 0 | L6: =_xlfn.XLOOKUP(A6,'DADOS DE VENDA'!A:A,'DADOS DE VENDA'!E:E,"RUPTURA NO PERIODO") -> RUPTURA NO PERIODO | M6: {=_xlfn.IFS(C6<I6,"ABAIXO",C6>I6,"ACIMA",C6=I6,"OK")} -> ABAIXO | O6: =A6 -> 7305 | P6: =_xlfn.XLOOKUP(O6,'[1]ESCALA DE PRODUÇÃO'!$AL$1:$AL$1048566,'[1]ESCALA DE PRODUÇÃO'!$AJ$1:$AJ$1048566,"NÃO ENCOTRADO") -> NÃO ENCOTRADO | Q6: =C6 -> 0 | R6: =(F6) -> 0
A7: =('[1]ESCALA DE PRODUÇÃO'!G6) -> 0 | B7: MACARRÃO | C7: QTD | D7: KG/UN | E7: P.PADRÃO | F7: Q.PCT | G7: PREÇO | H7: TOTAL | I7: VENDA QTD | J7: EM PCT | K7: EM VALORES | L7: PERIODO BASE | M7: STATUS | O7: COD | P7: MACARRÃO | Q7: QTD | R7: Q.PCT
A8: =('[1]ESCALA DE PRODUÇÃO'!G7) -> 8480 | B8: =_xlfn.XLOOKUP(A8,'[1]ESCALA DE PRODUÇÃO'!$AL$1:$AL$1048566,'[1]ESCALA DE PRODUÇÃO'!$AJ$1:$AJ$1048566,"NÃO ENCOTRADO") -> 008480 - ROTISSERIA MACARRONADA A BOLONHESA BENDITO KG | C8: 1.5 | D8: =_xlfn.XLOOKUP(A8,'[1]ESCALA DE PRODUÇÃO'!$AL$1:$AL$1048566,'[1]ESCALA DE PRODUÇÃO'!$AK$1:$AK$1048566,"0") -> KG/0001 | E8: ='[1]ESCALA DE PRODUÇÃO'!I7 -> 0.35 | F8: =IFERROR(C8/E8,"0") -> 4.2857143 | G8: =_xlfn.XLOOKUP(A8,'[1]ESCALA DE PRODUÇÃO'!$AL$1:$AL$1048566,'[1]ESCALA DE PRODUÇÃO'!$AM$1:$AM$1048566,"SEM PREÇO") -> 39.9 | H8: =IFERROR(C8*G8,"0") -> 59.85 | I8: =_xlfn.XLOOKUP(A8,'DADOS DE VENDA'!G:G,'DADOS DE VENDA'!J:J,"SEM VENDA") -> 1.74 | J8: =IFERROR(I8/E8,"0") -> 4.9714286 | K8: =IFERROR(I8*G8,"0") -> 69.426 | L8: =_xlfn.XLOOKUP(A8,'DADOS DE VENDA'!A:A,'DADOS DE VENDA'!E:E,"RUPTURA NO PERIODO") -> RUPTURA NO PERIODO | M8: {=_xlfn.IFS(C8<I8,"ABAIXO",C8>I8,"ACIMA",C8=I8,"OK")} -> ABAIXO | O8: =A8 -> 8480 | P8: =_xlfn.XLOOKUP(O8,'[1]ESCALA DE PRODUÇÃO'!$AL$1:$AL$1048566,'[1]ESCALA DE PRODUÇÃO'!$AJ$1:$AJ$1048566,"NÃO ENCOTRADO") -> 008480 - ROTISSERIA MACARRONADA A BOLONHESA BENDITO KG | Q8: =C8 -> 1.5 | R8: =(F8) -> 4.2857143
A9: =('[1]ESCALA DE PRODUÇÃO'!G8) -> 8442 | B9: =_xlfn.XLOOKUP(A9,'[1]ESCALA DE PRODUÇÃO'!$AL$1:$AL$1048566,'[1]ESCALA DE PRODUÇÃO'!$AJ$1:$AJ$1048566,"NÃO ENCOTRADO") -> 008442 - ROTISSERIA MACARRAO C/CALABRESA MOLHO ROSE BENDITO KG | C9: 1.5 | D9: =_xlfn.XLOOKUP(A9,'[1]ESCALA DE PRODUÇÃO'!$AL$1:$AL$1048566,'[1]ESCALA DE PRODUÇÃO'!$AK$1:$AK$1048566,"0") -> KG/0001 | E9: ='[1]ESCALA DE PRODUÇÃO'!I8 -> 0.35 | F9: =IFERROR(C9/E9,"0") -> 4.2857143 | G9: =_xlfn.XLOOKUP(A9,'[1]ESCALA DE PRODUÇÃO'!$AL$1:$AL$1048566,'[1]ESCALA DE PRODUÇÃO'!$AM$1:$AM$1048566,"SEM PREÇO") -> 38.9 | H9: =IFERROR(C9*G9,"0") -> 58.35 | I9: =_xlfn.XLOOKUP(A9,'DADOS DE VENDA'!G:G,'DADOS DE VENDA'!J:J,"SEM VENDA") -> SEM VENDA | J9: =IFERROR(I9/E9,"0") -> 0 | K9: =IFERROR(I9*G9,"0") -> 0 | L9: =_xlfn.XLOOKUP(A9,'DADOS DE VENDA'!A:A,'DADOS DE VENDA'!E:E,"RUPTURA NO PERIODO") -> 19/01 a20/01 | M9: {=_xlfn.IFS(C9<I9,"ABAIXO",C9>I9,"ACIMA",C9=I9,"OK")} -> ABAIXO | O9: =A9 -> 8442 | P9: =_xlfn.XLOOKUP(O9,'[1]ESCALA DE PRODUÇÃO'!$AL$1:$AL$1048566,'[1]ESCALA DE PRODUÇÃO'!$AJ$1:$AJ$1048566,"NÃO ENCOTRADO") -> 008442 - ROTISSERIA MACARRAO C/CALABRESA MOLHO ROSE BENDITO KG | Q9: =C9 -> 1.5 | R9: =(F9) -> 4.2857143
A10: =('[1]ESCALA DE PRODUÇÃO'!G9) -> 9019 | B10: =_xlfn.XLOOKUP(A10,'[1]ESCALA DE PRODUÇÃO'!$AL$1:$AL$1048566,'[1]ESCALA DE PRODUÇÃO'!$AJ$1:$AJ$1048566,"NÃO ENCOTRADO") -> NÃO ENCOTRADO | C10: 0 | D10: =_xlfn.XLOOKUP(A10,'[1]ESCALA DE PRODUÇÃO'!$AL$1:$AL$1048566,'[1]ESCALA DE PRODUÇÃO'!$AK$1:$AK$1048566,"0") -> 0 | E10: ='[1]ESCALA DE PRODUÇÃO'!I9 -> 0 | F10: =IFERROR(C10/E10,"0") -> 0 | G10: =_xlfn.XLOOKUP(A10,'[1]ESCALA DE PRODUÇÃO'!$AL$1:$AL$1048566,'[1]ESCALA DE PRODUÇÃO'!$AM$1:$AM$1048566,"SEM PREÇO") -> SEM PREÇO | H10: =IFERROR(C10*G10,"0") -> 0 | I10: =_xlfn.XLOOKUP(A10,'DADOS DE VENDA'!G:G,'DADOS DE VENDA'!J:J,"SEM VENDA") -> SEM VENDA | J10: =IFERROR(I10/E10,"0") -> 0 | K10: =IFERROR(I10*G10,"0") -> 0 | L10: =_xlfn.XLOOKUP(A10,'DADOS DE VENDA'!A:A,'DADOS DE VENDA'!E:E,"RUPTURA NO PERIODO") -> RUPTURA NO PERIODO | M10: {=_xlfn.IFS(C10<I10,"ABAIXO",C10>I10,"ACIMA",C10=I10,"OK")} -> ABAIXO | O10: =A10 -> 9019 | P10: =_xlfn.XLOOKUP(O10,'[1]ESCALA DE PRODUÇÃO'!$AL$1:$AL$1048566,'[1]ESCALA DE PRODUÇÃO'!$AJ$1:$AJ$1048566,"NÃO ENCOTRADO") -> NÃO ENCOTRADO | Q10: =C10 -> 0 | R10: =(F10) -> 0
A11: =('[1]ESCALA DE PRODUÇÃO'!G10) -> 0 | B11: MONO ARROZ | C11: QTD | D11: KG/UN | E11: P.PADRÃO | F11: Q.PCT | G11: PREÇO | H11: TOTAL | I11: VENDA QTD | J11: EM PCT | K11: EM VALORES | L11: PERIODO BASE | M11: STATUS | O11: COD | P11: MONO ARROZ | Q11: QTD | R11: Q.PCT
A12: =('[1]ESCALA DE PRODUÇÃO'!G11) -> 8028 | B12: =_xlfn.XLOOKUP(A12,'[1]ESCALA DE PRODUÇÃO'!$AL$1:$AL$1048566,'[1]ESCALA DE PRODUÇÃO'!$AJ$1:$AJ$1048566,"NÃO ENCOTRADO") -> 008028 - ROTISSERIA ARROZ BRANCO BENDITO KG | C12: 1 | D12: =_xlfn.XLOOKUP(A12,'[1]ESCALA DE PRODUÇÃO'!$AL$1:$AL$1048566,'[1]ESCALA DE PRODUÇÃO'!$AK$1:$AK$1048566,"0") -> KG/0001 | E12: ='[1]ESCALA DE PRODUÇÃO'!I11 -> 0.12 | F12: =IFERROR(C12/E12,"0") -> 8.3333333 | G12: =_xlfn.XLOOKUP(A12,'[1]ESCALA DE PRODUÇÃO'!$AL$1:$AL$1048566,'[1]ESCALA DE PRODUÇÃO'!$AM$1:$AM$1048566,"SEM PREÇO") -> 28.9 | H12: =IFERROR(C12*G12,"0") -> 28.9 | I12: =_xlfn.XLOOKUP(A12,'DADOS DE VENDA'!G:G,'DADOS DE VENDA'!J:J,"SEM VENDA") -> 1.28 | J12: =IFERROR(I12/E12,"0") -> 10.666667 | K12: =IFERROR(I12*G12,"0") -> 36.992 | L12: =_xlfn.XLOOKUP(A12,'DADOS DE VENDA'!A:A,'DADOS DE VENDA'!E:E,"RUPTURA NO PERIODO") -> 19/01 a20/01 | M12: {=_xlfn.IFS(C12<I12,"ABAIXO",C12>I12,"ACIMA",C12=I12,"OK")} -> ABAIXO | O12: =A12 -> 8028 | P12: =_xlfn.XLOOKUP(O12,'[1]ESCALA DE PRODUÇÃO'!$AL$1:$AL$1048566,'[1]ESCALA DE PRODUÇÃO'!$AJ$1:$AJ$1048566,"NÃO ENCOTRADO") -> 008028 - ROTISSERIA ARROZ BRANCO BENDITO KG | Q12: =C12 -> 1 | R12: =(F12) -> 8.3333333
A13: =('[1]ESCALA DE PRODUÇÃO'!G12) -> 346 | B13: =_xlfn.XLOOKUP(A13,'[1]ESCALA DE PRODUÇÃO'!$AL$1:$AL$1048566,'[1]ESCALA DE PRODUÇÃO'!$AJ$1:$AJ$1048566,"NÃO ENCOTRADO") -> NÃO ENCOTRADO | C13: 0 | D13: =_xlfn.XLOOKUP(A13,'[1]ESCALA DE PRODUÇÃO'!$AL$1:$AL$1048566,'[1]ESCALA DE PRODUÇÃO'!$AK$1:$AK$1048566,"0") -> 0 | E13: ='[1]ESCALA DE PRODUÇÃO'!I12 -> 0 | F13: =IFERROR(C13/E13,"0") -> 0 | G13: =_xlfn.XLOOKUP(A13,'[1]ESCALA DE PRODUÇÃO'!$AL$1:$AL$1048566,'[1]ESCALA DE PRODUÇÃO'!$AM$1:$AM$1048566,"SEM PREÇO") -> SEM PREÇO | H13: =IFERROR(C13*G13,"0") -> 0 | I13: =_xlfn.XLOOKUP(A13,'DADOS DE VENDA'!G:G,'DADOS DE VENDA'!J:J,"SEM VENDA") -> SEM VENDA | J13: =IFERROR(I13/E13,"0") -> 0 | K13: =IFERROR(I13*G13,"0") -> 0 | L13: =_xlfn.XLOOKUP(A13,'DADOS DE VENDA'!A:A,'DADOS DE VENDA'!E:E,"RUPTURA NO PERIODO") -> RUPTURA NO PERIODO | M13: {=_xlfn.IFS(C13<I13,"ABAIXO",C13>I13,"ACIMA",C13=I13,"OK")} -> ABAIXO | O13: =A13 -> 346 | P13: =_xlfn.XLOOKUP(O13,'[1]ESCALA DE PRODUÇÃO'!$AL$1:$AL$1048566,'[1]ESCALA DE PRODUÇÃO'!$AJ$1:$AJ$1048566,"NÃO ENCOTRADO") -> NÃO ENCOTRADO | Q13: =C13 -> 0 | R13: =(F13) -> 0
A14: =('[1]ESCALA DE PRODUÇÃO'!G13) -> 0 | B14: MONO FEIJÃO | C14: QTD | D14: KG/UN | E14: P.PADRÃO | F14: Q.PCT | G14: PREÇO | H14: TOTAL | I14: VENDA QTD | J14: EM PCT | K14: EM VALORES | L14: PERIODO BASE | M14: STATUS | O14: COD | P14: MONO FEIJÃO | Q14: QTD | R14: Q.PCT
A15: =('[1]ESCALA DE PRODUÇÃO'!G14) -> 8328 | B15: =_xlfn.XLOOKUP(A15,'[1]ESCALA DE PRODUÇÃO'!$AL$1:$AL$1048566,'[1]ESCALA DE PRODUÇÃO'!$AJ$1:$AJ$1048566,"NÃO ENCOTRADO") -> 008328 - ROTISSERIA FEIJAO BENDITO KG | C15: 1 | D15: =_xlfn.XLOOKUP(A15,'[1]ESCALA DE PRODUÇÃO'!$AL$1:$AL$1048566,'[1]ESCALA DE PRODUÇÃO'!$AK$1:$AK$1048566,"0") -> KG/0001 | E15: ='[1]ESCALA DE PRODUÇÃO'!I14 -> 0.18 | F15: =IFERROR(C15/E15,"0") -> 5.5555556 | G15: =_xlfn.XLOOKUP(A15,'[1]ESCALA DE PRODUÇÃO'!$AL$1:$AL$1048566,'[1]ESCALA DE PRODUÇÃO'!$AM$1:$AM$1048566,"SEM PREÇO") -> 34.9 | H15: =IFERROR(C15*G15,"0") -> 34.9 | I15: =_xlfn.XLOOKUP(A15,'DADOS DE VENDA'!G:G,'DADOS DE VENDA'!J:J,"SEM VENDA") -> 0.75 | J15: =IFERROR(I15/E15,"0") -> 4.1666667 | K15: =IFERROR(I15*G15,"0") -> 26.175 | L15: =_xlfn.XLOOKUP(A15,'DADOS DE VENDA'!A:A,'DADOS DE VENDA'!E:E,"RUPTURA NO PERIODO") -> 19/01 a20/01 | M15: {=_xlfn.IFS(C15<I15,"ABAIXO",C15>I15,"ACIMA",C15=I15,"OK")} -> ACIMA | O15: =A15 -> 8328 | P15: =_xlfn.XLOOKUP(O15,'[1]ESCALA DE PRODUÇÃO'!$AL$1:$AL$1048566,'[1]ESCALA DE PRODUÇÃO'!$AJ$1:$AJ$1048566,"NÃO ENCOTRADO") -> 008328 - ROTISSERIA FEIJAO BENDITO KG | Q15: =C15 -> 1 | R15: =(F15) -> 5.5555556
A16: =('[1]ESCALA DE PRODUÇÃO'!G15) -> 0 | B16: =_xlfn.XLOOKUP(A16,'[1]ESCALA DE PRODUÇÃO'!$AL$1:$AL$1048566,'[1]ESCALA DE PRODUÇÃO'!$AJ$1:$AJ$1048566,"NÃO ENCOTRADO") -> NÃO ENCOTRADO | C16: 0 | D16: =_xlfn.XLOOKUP(A16,'[1]ESCALA DE PRODUÇÃO'!$AL$1:$AL$1048566,'[1]ESCALA DE PRODUÇÃO'!$AK$1:$AK$1048566,"0") -> 0 | E16: ='[1]ESCALA DE PRODUÇÃO'!I15 -> 0 | F16: =IFERROR(C16/E16,"0") -> 0 | G16: =_xlfn.XLOOKUP(A16,'[1]ESCALA DE PRODUÇÃO'!$AL$1:$AL$1048566,'[1]ESCALA DE PRODUÇÃO'!$AM$1:$AM$1048566,"SEM PREÇO") -> SEM PREÇO | H16: =IFERROR(C16*G16,"0") -> 0 | I16: =_xlfn.XLOOKUP(A16,'DADOS DE VENDA'!G:G,'DADOS DE VENDA'!J:J,"SEM VENDA") -> SEM VENDA | J16: =IFERROR(I16/E16,"0") -> 0 | K16: =IFERROR(I16*G16,"0") -> 0 | L16: =_xlfn.XLOOKUP(A16,'DADOS DE VENDA'!A:A,'DADOS DE VENDA'!E:E,"RUPTURA NO PERIODO") -> RUPTURA NO PERIODO | M16: {=_xlfn.IFS(C16<I16,"ABAIXO",C16>I16,"ACIMA",C16=I16,"OK")} -> ABAIXO | O16: =A16 -> 0 | P16: =_xlfn.XLOOKUP(O16,'[1]ESCALA DE PRODUÇÃO'!$AL$1:$AL$1048566,'[1]ESCALA DE PRODUÇÃO'!$AJ$1:$AJ$1048566,"NÃO ENCOTRADO") -> NÃO ENCOTRADO | Q16: =C16 -> 0 | R16: =(F16) -> 0
A17: =('[1]ESCALA DE PRODUÇÃO'!G16) -> 0 | B17: MONO GUARNIÇÃO | C17: QTD | D17: KG/UN | E17: P.PADRÃO | F17: Q.PCT | G17: PREÇO | H17: TOTAL | I17: VENDA QTD | J17: EM PCT | K17: EM VALORES | L17: PERIODO BASE | M17: STATUS | O17: COD | P17: MONO GUARNIÇÃO | Q17: QTD | R17: Q.PCT
A18: =('[1]ESCALA DE PRODUÇÃO'!G17) -> 8080 | B18: =_xlfn.XLOOKUP(A18,'[1]ESCALA DE PRODUÇÃO'!$AL$1:$AL$1048566,'[1]ESCALA DE PRODUÇÃO'!$AJ$1:$AJ$1048566,"NÃO ENCOTRADO") -> 008080 - ROTISSERIA BANANA BENDITO KG | C18: 0.5 | D18: =_xlfn.XLOOKUP(A18,'[1]ESCALA DE PRODUÇÃO'!$AL$1:$AL$1048566,'[1]ESCALA DE PRODUÇÃO'!$AK$1:$AK$1048566,"0") -> KG/0001 | E18: ='[1]ESCALA DE PRODUÇÃO'!I17 -> 0.12 | F18: =IFERROR(C18/E18,"0") -> 4.1666667 | G18: =_xlfn.XLOOKUP(A18,'[1]ESCALA DE PRODUÇÃO'!$AL$1:$AL$1048566,'[1]ESCALA DE PRODUÇÃO'!$AM$1:$AM$1048566,"SEM PREÇO") -> 31.9 | H18: =IFERROR(C18*G18,"0") -> 15.95 | I18: =_xlfn.XLOOKUP(A18,'DADOS DE VENDA'!G:G,'DADOS DE VENDA'!J:J,"SEM VENDA") -> 0.48 | J18: =IFERROR(I18/E18,"0") -> 4 | K18: =IFERROR(I18*G18,"0") -> 15.312 | L18: =_xlfn.XLOOKUP(A18,'DADOS DE VENDA'!A:A,'DADOS DE VENDA'!E:E,"RUPTURA NO PERIODO") -> 19/01 a20/01 | M18: {=_xlfn.IFS(C18<I18,"ABAIXO",C18>I18,"ACIMA",C18=I18,"OK")} -> ACIMA | O18: =A18 -> 8080 | P18: =_xlfn.XLOOKUP(O18,'[1]ESCALA DE PRODUÇÃO'!$AL$1:$AL$1048566,'[1]ESCALA DE PRODUÇÃO'!$AJ$1:$AJ$1048566,"NÃO ENCOTRADO") -> 008080 - ROTISSERIA BANANA BENDITO KG | Q18: =C18 -> 0.5 | R18: =(F18) -> 4.1666667
A19: =('[1]ESCALA DE PRODUÇÃO'!G18) -> 8089 | B19: =_xlfn.XLOOKUP(A19,'[1]ESCALA DE PRODUÇÃO'!$AL$1:$AL$1048566,'[1]ESCALA DE PRODUÇÃO'!$AJ$1:$AJ$1048566,"NÃO ENCOTRADO") -> 008089 - ROTISSERIA BATATA ASSADA BENDITO KG | C19: 1.2 | D19: =_xlfn.XLOOKUP(A19,'[1]ESCALA DE PRODUÇÃO'!$AL$1:$AL$1048566,'[1]ESCALA DE PRODUÇÃO'!$AK$1:$AK$1048566,"0") -> KG/0001 | E19: ='[1]ESCALA DE PRODUÇÃO'!I18 -> 0.12 | F19: =IFERROR(C19/E19,"0") -> 10 | G19: =_xlfn.XLOOKUP(A19,'[1]ESCALA DE PRODUÇÃO'!$AL$1:$AL$1048566,'[1]ESCALA DE PRODUÇÃO'!$AM$1:$AM$1048566,"SEM PREÇO") -> 49.9 | H19: =IFERROR(C19*G19,"0") -> 59.88 | I19: =_xlfn.XLOOKUP(A19,'DADOS DE VENDA'!G:G,'DADOS DE VENDA'!J:J,"SEM VENDA") -> 0.81 | J19: =IFERROR(I19/E19,"0") -> 6.75 | K19: =IFERROR(I19*G19,"0") -> 40.419 | L19: =_xlfn.XLOOKUP(A19,'DADOS DE VENDA'!A:A,'DADOS DE VENDA'!E:E,"RUPTURA NO PERIODO") -> 19/01 a20/01 | M19: {=_xlfn.IFS(C19<I19,"ABAIXO",C19>I19,"ACIMA",C19=I19,"OK")} -> ACIMA | O19: =A19 -> 8089 | P19: =_xlfn.XLOOKUP(O19,'[1]ESCALA DE PRODUÇÃO'!$AL$1:$AL$1048566,'[1]ESCALA DE PRODUÇÃO'!$AJ$1:$AJ$1048566,"NÃO ENCOTRADO") -> 008089 - ROTISSERIA BATATA ASSADA BENDITO KG | Q19: =C19 -> 1.2 | R19: =(F19) -> 10
A20: =('[1]ESCALA DE PRODUÇÃO'!G19) -> 8598 | B20: =_xlfn.XLOOKUP(A20,'[1]ESCALA DE PRODUÇÃO'!$AL$1:$AL$1048566,'[1]ESCALA DE PRODUÇÃO'!$AJ$1:$AJ$1048566,"NÃO ENCOTRADO") -> 008598 - ROTISSERIA PURE DE BATATA BENDITO KG | C20: 1 | D20: =_xlfn.XLOOKUP(A20,'[1]ESCALA DE PRODUÇÃO'!$AL$1:$AL$1048566,'[1]ESCALA DE PRODUÇÃO'!$AK$1:$AK$1048566,"0") -> KG/0001 | E20: ='[1]ESCALA DE PRODUÇÃO'!I19 -> 0.12 | F20: =IFERROR(C20/E20,"0") -> 8.3333333 | G20: =_xlfn.XLOOKUP(A20,'[1]ESCALA DE PRODUÇÃO'!$AL$1:$AL$1048566,'[1]ESCALA DE PRODUÇÃO'!$AM$1:$AM$1048566,"SEM PREÇO") -> 48.9 | H20: =IFERROR(C20*G20,"0") -> 48.9 | I20: =_xlfn.XLOOKUP(A20,'DADOS DE VENDA'!G:G,'DADOS DE VENDA'!J:J,"SEM VENDA") -> SEM VENDA | J20: =IFERROR(I20/E20,"0") -> 0 | K20: =IFERROR(I20*G20,"0") -> 0 | L20: =_xlfn.XLOOKUP(A20,'DADOS DE VENDA'!A:A,'DADOS DE VENDA'!E:E,"RUPTURA NO PERIODO") -> RUPTURA NO PERIODO | M20: {=_xlfn.IFS(C20<I20,"ABAIXO",C20>I20,"ACIMA",C20=I20,"OK")} -> ABAIXO | O20: =A20 -> 8598 | P20: =_xlfn.XLOOKUP(O20,'[1]ESCALA DE PRODUÇÃO'!$AL$1:$AL$1048566,'[1]ESCALA DE PRODUÇÃO'!$AJ$1:$AJ$1048566,"NÃO ENCOTRADO") -> 008598 - ROTISSERIA PURE DE BATATA BENDITO KG | Q20: =C20 -> 1 | R20: =(F20) -> 8.3333333
A21: =('[1]ESCALA DE PRODUÇÃO'!G20) -> 0 | B21: MONO PROTEINAS | C21: QTD | D21: KG/UN | E21: P.PADRÃO | F21: Q.PCT | G21: PREÇO | H21: TOTAL | I21: VENDA QTD | J21: EM PCT | K21: EM VALORES | L21: PERIODO BASE | M21: STATUS | O21: COD | P21: MONO PROTEINAS | Q21: QTD | R21: Q.PCT
A22: =('[1]ESCALA DE PRODUÇÃO'!G21) -> 8491 | B22: =_xlfn.XLOOKUP(A22,'[1]ESCALA DE PRODUÇÃO'!$AL$1:$AL$1048566,'[1]ESCALA DE PRODUÇÃO'!$AJ$1:$AJ$1048566,"NÃO ENCOTRADO") -> 008491 - ROTISSERIA MEDALHAO FRANGO BENDITO KG | C22: 1 | D22: =_xlfn.XLOOKUP(A22,'[1]ESCALA DE PRODUÇÃO'!$AL$1:$AL$1048566,'[1]ESCALA DE PRODUÇÃO'!$AK$1:$AK$1048566,"0") -> KG/0001 | E22: ='[1]ESCALA DE PRODUÇÃO'!I21 -> 0.15 | F22: =IFERROR(C22/E22,"0") -> 6.6666667 | G22: =_xlfn.XLOOKUP(A22,'[1]ESCALA DE PRODUÇÃO'!$AL$1:$AL$1048566,'[1]ESCALA DE PRODUÇÃO'!$AM$1:$AM$1048566,"SEM PREÇO") -> 78.9 | H22: =IFERROR(C22*G22,"0") -> 78.9 | I22: =_xlfn.XLOOKUP(A22,'DADOS DE VENDA'!G:G,'DADOS DE VENDA'!J:J,"SEM VENDA") -> 1.64 | J22: =IFERROR(I22/E22,"0") -> 10.933333 | K22: =IFERROR(I22*G22,"0") -> 129.396 | L22: =_xlfn.XLOOKUP(A22,'DADOS DE VENDA'!A:A,'DADOS DE VENDA'!E:E,"RUPTURA NO PERIODO") -> 19/01 a20/01 | M22: {=_xlfn.IFS(C22<I22,"ABAIXO",C22>I22,"ACIMA",C22=I22,"OK")} -> ABAIXO | O22: =A22 -> 8491 | P22: =_xlfn.XLOOKUP(O22,'[1]ESCALA DE PRODUÇÃO'!$AL$1:$AL$1048566,'[1]ESCALA DE PRODUÇÃO'!$AJ$1:$AJ$1048566,"NÃO ENCOTRADO") -> 008491 - ROTISSERIA MEDALHAO FRANGO BENDITO KG | Q22: =C22 -> 1 | R22: =(F22) -> 6.6666667
A23: =('[1]ESCALA DE PRODUÇÃO'!G23) -> 8231 | B23: =_xlfn.XLOOKUP(A23,'[1]ESCALA DE PRODUÇÃO'!$AL$1:$AL$1048566,'[1]ESCALA DE PRODUÇÃO'!$AJ$1:$AJ$1048566,"NÃO ENCOTRADO") -> 008231 - ROTISSERIA CHARUTO BENDITO KG | C23: 1 | D23: =_xlfn.XLOOKUP(A23,'[1]ESCALA DE PRODUÇÃO'!$AL$1:$AL$1048566,'[1]ESCALA DE PRODUÇÃO'!$AK$1:$AK$1048566,"0") -> KG/0001 | E23: ='[1]ESCALA DE PRODUÇÃO'!I23 -> 0 | F23: =IFERROR(C23/E23,"0") -> 0 | G23: =_xlfn.XLOOKUP(A23,'[1]ESCALA DE PRODUÇÃO'!$AL$1:$AL$1048566,'[1]ESCALA DE PRODUÇÃO'!$AM$1:$AM$1048566,"SEM PREÇO") -> 59.9 | H23: =IFERROR(C23*G23,"0") -> 59.9 | I23: =_xlfn.XLOOKUP(A23,'DADOS DE VENDA'!G:G,'DADOS DE VENDA'!J:J,"SEM VENDA") -> SEM VENDA | J23: =IFERROR(I23/E23,"0") -> 0 | K23: =IFERROR(I23*G23,"0") -> 0 | L23: =_xlfn.XLOOKUP(A23,'DADOS DE VENDA'!A:A,'DADOS DE VENDA'!E:E,"RUPTURA NO PERIODO") -> RUPTURA NO PERIODO | M23: {=_xlfn.IFS(C23<I23,"ABAIXO",C23>I23,"ACIMA",C23=I23,"OK")} -> ABAIXO | O23: =A23 -> 8231 | P23: =_xlfn.XLOOKUP(O23,'[1]ESCALA DE PRODUÇÃO'!$AL$1:$AL$1048566,'[1]ESCALA DE PRODUÇÃO'!$AJ$1:$AJ$1048566,"NÃO ENCOTRADO") -> 008231 - ROTISSERIA CHARUTO BENDITO KG | Q23: =C23 -> 1 | R23: =(F23) -> 0
A24: =('[1]ESCALA DE PRODUÇÃO'!G24) -> 8837 | B24: =_xlfn.XLOOKUP(A24,'[1]ESCALA DE PRODUÇÃO'!$AL$1:$AL$1048566,'[1]ESCALA DE PRODUÇÃO'!$AJ$1:$AJ$1048566,"NÃO ENCOTRADO") -> 008837 - ROTISSERIA STROGONOFF DE FRANGO BENDITO KG | C24: 1.5 | D24: =_xlfn.XLOOKUP(A24,'[1]ESCALA DE PRODUÇÃO'!$AL$1:$AL$1048566,'[1]ESCALA DE PRODUÇÃO'!$AK$1:$AK$1048566,"0") -> KG/0001 | E24: ='[1]ESCALA DE PRODUÇÃO'!I24 -> 0.15 | F24: =IFERROR(C24/E24,"0") -> 10 | G24: =_xlfn.XLOOKUP(A24,'[1]ESCALA DE PRODUÇÃO'!$AL$1:$AL$1048566,'[1]ESCALA DE PRODUÇÃO'!$AM$1:$AM$1048566,"SEM PREÇO") -> 69.9 | H24: =IFERROR(C24*G24,"0") -> 104.85 | I24: =_xlfn.XLOOKUP(A24,'DADOS DE VENDA'!G:G,'DADOS DE VENDA'!J:J,"SEM VENDA") -> 1.59 | J24: =IFERROR(I24/E24,"0") -> 10.6 | K24: =IFERROR(I24*G24,"0") -> 111.141 | L24: =_xlfn.XLOOKUP(A24,'DADOS DE VENDA'!A:A,'DADOS DE VENDA'!E:E,"RUPTURA NO PERIODO") -> 19/01 a20/01 | M24: {=_xlfn.IFS(C24<I24,"ABAIXO",C24>I24,"ACIMA",C24=I24,"OK")} -> ABAIXO | O24: =A24 -> 8837 | P24: =_xlfn.XLOOKUP(O24,'[1]ESCALA DE PRODUÇÃO'!$AL$1:$AL$1048566,'[1]ESCALA DE PRODUÇÃO'!$AJ$1:$AJ$1048566,"NÃO ENCOTRADO") -> 008837 - ROTISSERIA STROGONOFF DE FRANGO BENDITO KG | Q24: =C24 -> 1.5 | R24: =(F24) -> 10
A25: =('[1]ESCALA DE PRODUÇÃO'!G25) -> 0 | B25: SALADAS COZIDAS | C25: QTD | D25: KG/UN | E25: P.PADRÃO | F25: Q.PCT | G25: PREÇO | H25: TOTAL | I25: VENDA QTD | J25: EM PCT | K25: EM VALORES | L25: PERIODO BASE | M25: STATUS | O25: COD | P25: SALADAS COZIDAS | Q25: QTD | R25: Q.PCT
A26: =('[1]ESCALA DE PRODUÇÃO'!G26) -> 8695 | B26: =_xlfn.XLOOKUP(A26,'[1]ESCALA DE PRODUÇÃO'!$AL$1:$AL$1048566,'[1]ESCALA DE PRODUÇÃO'!$AJ$1:$AJ$1048566,"NÃO ENCOTRADO") -> 008695 - ROTISSERIA SALADA DE BETERRABA BENDITO KG | C26: 3 | D26: =_xlfn.XLOOKUP(A26,'[1]ESCALA DE PRODUÇÃO'!$AL$1:$AL$1048566,'[1]ESCALA DE PRODUÇÃO'!$AK$1:$AK$1048566,"0") -> KG/0001 | E26: ='[1]ESCALA DE PRODUÇÃO'!I26 -> 0.35 | F26: =IFERROR(C26/E26,"0") -> 8.5714286 | G26: =_xlfn.XLOOKUP(A26,'[1]ESCALA DE PRODUÇÃO'!$AL$1:$AL$1048566,'[1]ESCALA DE PRODUÇÃO'!$AM$1:$AM$1048566,"SEM PREÇO") -> 23.9 | H26: =IFERROR(C26*G26,"0") -> 71.7 | I26: =_xlfn.XLOOKUP(A26,'DADOS DE VENDA'!G:G,'DADOS DE VENDA'!J:J,"SEM VENDA") -> 2.7 | J26: =IFERROR(I26/E26,"0") -> 7.7142857 | K26: =IFERROR(I26*G26,"0") -> 64.53 | L26: =_xlfn.XLOOKUP(A26,'DADOS DE VENDA'!A:A,'DADOS DE VENDA'!E:E,"RUPTURA NO PERIODO") -> 19/01 a20/01 | M26: {=_xlfn.IFS(C26<I26,"ABAIXO",C26>I26,"ACIMA",C26=I26,"OK")} -> ACIMA | O26: =A26 -> 8695 | P26: =_xlfn.XLOOKUP(O26,'[1]ESCALA DE PRODUÇÃO'!$AL$1:$AL$1048566,'[1]ESCALA DE PRODUÇÃO'!$AJ$1:$AJ$1048566,"NÃO ENCOTRADO") -> 008695 - ROTISSERIA SALADA DE BETERRABA BENDITO KG | Q26: =C26 -> 3 | R26: =(F26) -> 8.5714286
A27: 0 | B27: =_xlfn.XLOOKUP(A27,'[1]ESCALA DE PRODUÇÃO'!$AL$1:$AL$1048566,'[1]ESCALA DE PRODUÇÃO'!$AJ$1:$AJ$1048566,"NÃO ENCOTRADO") -> NÃO ENCOTRADO | C27: 0 | D27: =_xlfn.XLOOKUP(A27,'[1]ESCALA DE PRODUÇÃO'!$AL$1:$AL$1048566,'[1]ESCALA DE PRODUÇÃO'!$AK$1:$AK$1048566,"0") -> 0 | E27: ='[1]ESCALA DE PRODUÇÃO'!I27 -> 0.35 | F27: =IFERROR(C27/E27,"0") -> 0 | G27: =_xlfn.XLOOKUP(A27,'[1]ESCALA DE PRODUÇÃO'!$AL$1:$AL$1048566,'[1]ESCALA DE PRODUÇÃO'!$AM$1:$AM$1048566,"SEM PREÇO") -> SEM PREÇO | H27: =IFERROR(C27*G27,"0") -> 0 | I27: =_xlfn.XLOOKUP(A27,'DADOS DE VENDA'!G:G,'DADOS DE VENDA'!J:J,"SEM VENDA") -> SEM VENDA | J27: =IFERROR(I27/E27,"0") -> 0 | K27: =IFERROR(I27*G27,"0") -> 0 | L27: =_xlfn.XLOOKUP(A27,'DADOS DE VENDA'!A:A,'DADOS DE VENDA'!E:E,"RUPTURA NO PERIODO") -> RUPTURA NO PERIODO | M27: {=_xlfn.IFS(C27<I27,"ABAIXO",C27>I27,"ACIMA",C27=I27,"OK")} -> ABAIXO | O27: =A27 -> 0 | P27: =_xlfn.XLOOKUP(O27,'[1]ESCALA DE PRODUÇÃO'!$AL$1:$AL$1048566,'[1]ESCALA DE PRODUÇÃO'!$AJ$1:$AJ$1048566,"NÃO ENCOTRADO") -> NÃO ENCOTRADO | Q27: =C27 -> 0 | R27: =(F27) -> 0
A28: =('[1]ESCALA DE PRODUÇÃO'!G28) -> COD | B28: VALORES | C28: META | F28: PEDIDO | G28: =SUM(H4+H5+H6+H8+H9+H10+H12+H13+H15+H16+H18+H19+H20+H22+H24+H26+H27) -> 1003.38 | J28: =SUM(K4+K5+K6+K8+K9+K10+K12+K13+K15+K16+K18+K19+K20+K22+K24+K26+K27) -> 1009.291 | O28: TOTAL | Q28: =G28 -> 1003.38
A31: TERÇA (LOJA 1 DESCONTÃO-ROTISSERIA) | I31: SUJESTÃO DE PEDIDO | O31: =O1 -> TERÇA FEIRA (LOJA 1 DESCONTÃO-ROTISSERIA) | Q31: DATA | R31: =R1 -> 46049
A32: SALADAS C/PROTEINAS | C32: PEDIDO | D32: INFORMAÇÕES DO PEDIDO | I32: INFORMAÇÕES SUGESTÃO DE PEDIDO | O32: SALADAS C/PROTEINAS | Q32: INFORMAÇÕES DO PEDIDO
A33: COD | B33: SALADAS PROTEICAS | C33: QTD | D33: KG/UN | E33: P.PADRÃO | F33: Q.PCT | G33: PREÇO | H33: TOTAL | I33: VENDA QTD | J33: EM PCT | K33: EM VALORES | L33: PERIODO BASE | M33: STATUS | O33: COD | P33: SALADAS PROTEICAS | Q33: QTD | R33: Q.PCT
A34: ='[1]ESCALA DE PRODUÇÃO'!G28 -> COD | B34: =_xlfn.XLOOKUP(A34,'[1]ESCALA DE PRODUÇÃO'!$AL$1:$AL$1048566,'[1]ESCALA DE PRODUÇÃO'!$AJ$1:$AJ$1048566,"NÃO ENCOTRADO") -> NÃO ENCOTRADO | C34: 0 | D34: =_xlfn.XLOOKUP(A34,'[1]ESCALA DE PRODUÇÃO'!$AL$1:$AL$1048566,'[1]ESCALA DE PRODUÇÃO'!$AK$1:$AK$1048566,"0") -> 0 | E34: ='[1]ESCALA DE PRODUÇÃO'!I28 -> PESO P/PCT | F34: =IFERROR(C34/E34,"0") -> 0 | G34: =_xlfn.XLOOKUP(A34,'[1]ESCALA DE PRODUÇÃO'!$AL$1:$AL$1048566,'[1]ESCALA DE PRODUÇÃO'!$AM$1:$AM$1048566,"SEM PREÇO") -> SEM PREÇO | H34: =IFERROR(C34*G34,"0") -> 0 | I34: =_xlfn.XLOOKUP(A34,'DADOS DE VENDA'!G:G,'DADOS DE VENDA'!J:J,"SEM VENDA") -> SEM VENDA | J34: =IFERROR(I34/E34,"0") -> 0 | K34: =IFERROR(I34*G34,"0") -> 0 | L34: =_xlfn.XLOOKUP(A34,'DADOS DE VENDA'!A:A,'DADOS DE VENDA'!E:E,"RUPTURA NO PERIODO") -> RUPTURA NO PERIODO | M34: {=_xlfn.IFS(C34<I34,"ABAIXO",C34>I34,"ACIMA",C34=I34,"OK")} -> ABAIXO | O34: =A34 -> COD | P34: =_xlfn.XLOOKUP(O34,'[1]ESCALA DE PRODUÇÃO'!$AL$1:$AL$1048566,'[1]ESCALA DE PRODUÇÃO'!$AJ$1:$AJ$1048566,"NÃO ENCOTRADO") -> NÃO ENCOTRADO | Q34: =C34 -> 0 | R34: =F34 -> 0
A35: ='[1]ESCALA DE PRODUÇÃO'!G29 -> 8963 | B35: =_xlfn.XLOOKUP(A35,'[1]ESCALA DE PRODUÇÃO'!$AL$1:$AL$1048566,'[1]ESCALA DE PRODUÇÃO'!$AJ$1:$AJ$1048566,"NÃO ENCOTRADO") -> 008963 - ROTISSERIA SALADA CEASER C/FRANGO BENDITO | C35: 3 | D35: =_xlfn.XLOOKUP(A35,'[1]ESCALA DE PRODUÇÃO'!$AL$1:$AL$1048566,'[1]ESCALA DE PRODUÇÃO'!$AK$1:$AK$1048566,"0") -> UN/0001 | E35: ='[1]ESCALA DE PRODUÇÃO'!I29 -> 1 | F35: =IFERROR(C35/E35,"0") -> 3 | G35: =_xlfn.XLOOKUP(A35,'[1]ESCALA DE PRODUÇÃO'!$AL$1:$AL$1048566,'[1]ESCALA DE PRODUÇÃO'!$AM$1:$AM$1048566,"SEM PREÇO") -> 24.9 | H35: =IFERROR(C35*G35,"0") -> 74.7 | I35: =_xlfn.XLOOKUP(A35,'DADOS DE VENDA'!G:G,'DADOS DE VENDA'!J:J,"SEM VENDA") -> 4 | J35: =IFERROR(I35/E35,"0") -> 4 | K35: =IFERROR(I35*G35,"0") -> 99.6 | L35: =_xlfn.XLOOKUP(A35,'DADOS DE VENDA'!A:A,'DADOS DE VENDA'!E:E,"RUPTURA NO PERIODO") -> 19/01 a20/01 | M35: {=_xlfn.IFS(C35<I35,"ABAIXO",C35>I35,"ACIMA",C35=I35,"OK")} -> ABAIXO | O35: =A35 -> 8963 | P35: =_xlfn.XLOOKUP(O35,'[1]ESCALA DE PRODUÇÃO'!$AL$1:$AL$1048566,'[1]ESCALA DE PRODUÇÃO'!$AJ$1:$AJ$1048566,"NÃO ENCOTRADO") -> 008963 - ROTISSERIA SALADA CEASER C/FRANGO BENDITO | Q35: =C35 -> 3 | R35: =F35 -> 3
A36: ='[1]ESCALA DE PRODUÇÃO'!G30 -> 8962 | B36: =_xlfn.XLOOKUP(A36,'[1]ESCALA DE PRODUÇÃO'!$AL$1:$AL$1048566,'[1]ESCALA DE PRODUÇÃO'!$AJ$1:$AJ$1048566,"NÃO ENCOTRADO") -> 008962 - ROTISSERIA SALADA MIX DE FOLHA E LEGUMES C/PROTEINAS BENDITO | C36: 2 | D36: =_xlfn.XLOOKUP(A36,'[1]ESCALA DE PRODUÇÃO'!$AL$1:$AL$1048566,'[1]ESCALA DE PRODUÇÃO'!$AK$1:$AK$1048566,"0") -> UN/0001 | E36: ='[1]ESCALA DE PRODUÇÃO'!I30 -> 0 | F36: =IFERROR(C36/E36,"0") -> 0 | G36: =_xlfn.XLOOKUP(A36,'[1]ESCALA DE PRODUÇÃO'!$AL$1:$AL$1048566,'[1]ESCALA DE PRODUÇÃO'!$AM$1:$AM$1048566,"SEM PREÇO") -> 21.9 | H36: =IFERROR(C36*G36,"0") -> 43.8 | I36: =_xlfn.XLOOKUP(A36,'DADOS DE VENDA'!G:G,'DADOS DE VENDA'!J:J,"SEM VENDA") -> SEM VENDA | J36: =IFERROR(I36/E36,"0") -> 0 | K36: =IFERROR(I36*G36,"0") -> 0 | L36: =_xlfn.XLOOKUP(A36,'DADOS DE VENDA'!A:A,'DADOS DE VENDA'!E:E,"RUPTURA NO PERIODO") -> RUPTURA NO PERIODO | M36: {=_xlfn.IFS(C36<I36,"ABAIXO",C36>I36,"ACIMA",C36=I36,"OK")} -> ABAIXO | O36: =A36 -> 8962 | P36: =_xlfn.XLOOKUP(O36,'[1]ESCALA DE PRODUÇÃO'!$AL$1:$AL$1048566,'[1]ESCALA DE PRODUÇÃO'!$AJ$1:$AJ$1048566,"NÃO ENCOTRADO") -> 008962 - ROTISSERIA SALADA MIX DE FOLHA E LEGUMES C/PROTEINAS BENDITO | Q36: =C36 -> 2 | R36: =F36 -> 0
A37: COD | B37: SUSHI | C37: QTD | D37: KG/UN | E37: COD | F37: Q.PCT | G37: PREÇO | H37: TOTAL | I37: VENDA QTD | J37: EM PCT | K37: EM VALORES | L37: PERIODO BASE | M37: STATUS | O37: COD | P37: SUSHI | Q37: QTD | R37: Q.PCT
A38: ='[1]ESCALA DE PRODUÇÃO'!G32 -> 0 | B38: =_xlfn.XLOOKUP(A38,'[1]ESCALA DE PRODUÇÃO'!$AL$1:$AL$1048566,'[1]ESCALA DE PRODUÇÃO'!$AJ$1:$AJ$1048566,"NÃO ENCOTRADO") -> NÃO ENCOTRADO | C38: 0 | D38: =_xlfn.XLOOKUP(A38,'[1]ESCALA DE PRODUÇÃO'!$AL$1:$AL$1048566,'[1]ESCALA DE PRODUÇÃO'!$AK$1:$AK$1048566,"0") -> 0 | E38: ='[1]ESCALA DE PRODUÇÃO'!I32 -> 0 | F38: =IFERROR(C38/E38,"0") -> 0 | G38: =_xlfn.XLOOKUP(A38,'[1]ESCALA DE PRODUÇÃO'!$AL$1:$AL$1048566,'[1]ESCALA DE PRODUÇÃO'!$AM$1:$AM$1048566,"SEM PREÇO") -> SEM PREÇO | H38: =IFERROR(C38*G38,"0") -> 0 | I38: =_xlfn.XLOOKUP(A38,'DADOS DE VENDA'!G:G,'DADOS DE VENDA'!J:J,"SEM VENDA") -> SEM VENDA | J38: =IFERROR(I38/E38,"0") -> 0 | K38: =IFERROR(I38*G38,"0") -> 0 | L38: =_xlfn.XLOOKUP(A38,'DADOS DE VENDA'!A:A,'DADOS DE VENDA'!E:E,"RUPTURA NO PERIODO") -> RUPTURA NO PERIODO | M38: {=_xlfn.IFS(C38<I38,"ABAIXO",C38>I38,"ACIMA",C38=I38,"OK")} -> ABAIXO | O38: =A38 -> 0 | P38: =_xlfn.XLOOKUP(O38,'[1]ESCALA DE PRODUÇÃO'!$AL$1:$AL$1048566,'[1]ESCALA DE PRODUÇÃO'!$AJ$1:$AJ$1048566,"NÃO ENCOTRADO") -> NÃO ENCOTRADO | Q38: =C38 -> 0 | R38: =F38 -> 0
A39: ='[1]ESCALA DE PRODUÇÃO'!G33 -> 9123 | B39: =_xlfn.XLOOKUP(A39,'[1]ESCALA DE PRODUÇÃO'!$AL$1:$AL$1048566,'[1]ESCALA DE PRODUÇÃO'!$AJ$1:$AJ$1048566,"NÃO ENCOTRADO") -> 009123 - ROTISSERIA SUSHI KANI C/CREAM CHEESE BENDITO UN | C39: 5 | D39: =_xlfn.XLOOKUP(A39,'[1]ESCALA DE PRODUÇÃO'!$AL$1:$AL$1048566,'[1]ESCALA DE PRODUÇÃO'!$AK$1:$AK$1048566,"0") -> UN/0001 | E39: ='[1]ESCALA DE PRODUÇÃO'!I33 -> 1 | F39: =IFERROR(C39/E39,"0") -> 5 | G39: =_xlfn.XLOOKUP(A39,'[1]ESCALA DE PRODUÇÃO'!$AL$1:$AL$1048566,'[1]ESCALA DE PRODUÇÃO'!$AM$1:$AM$1048566,"SEM PREÇO") -> 0 | H39: =IFERROR(C39*G39,"0") -> 0 | I39: =_xlfn.XLOOKUP(A39,'DADOS DE VENDA'!G:G,'DADOS DE VENDA'!J:J,"SEM VENDA") -> 10 | J39: =IFERROR(I39/E39,"0") -> 10 | K39: =IFERROR(I39*G39,"0") -> 0 | L39: =_xlfn.XLOOKUP(A39,'DADOS DE VENDA'!A:A,'DADOS DE VENDA'!E:E,"RUPTURA NO PERIODO") -> 19/01 a20/01 | M39: {=_xlfn.IFS(C39<I39,"ABAIXO",C39>I39,"ACIMA",C39=I39,"OK")} -> ABAIXO | O39: =A39 -> 9123 | P39: =_xlfn.XLOOKUP(O39,'[1]ESCALA DE PRODUÇÃO'!$AL$1:$AL$1048566,'[1]ESCALA DE PRODUÇÃO'!$AJ$1:$AJ$1048566,"NÃO ENCOTRADO") -> 009123 - ROTISSERIA SUSHI KANI C/CREAM CHEESE BENDITO UN | Q39: =C39 -> 5 | R39: =F39 -> 5
A40: ='[1]ESCALA DE PRODUÇÃO'!G34 -> 0 | B40: =_xlfn.XLOOKUP(A40,'[1]ESCALA DE PRODUÇÃO'!$AL$1:$AL$1048566,'[1]ESCALA DE PRODUÇÃO'!$AJ$1:$AJ$1048566,"NÃO ENCOTRADO") -> NÃO ENCOTRADO | C40: 0 | D40: =_xlfn.XLOOKUP(A40,'[1]ESCALA DE PRODUÇÃO'!$AL$1:$AL$1048566,'[1]ESCALA DE PRODUÇÃO'!$AK$1:$AK$1048566,"0") -> 0 | E40: ='[1]ESCALA DE PRODUÇÃO'!I34 -> 0 | F40: =IFERROR(C40/E40,"0") -> 0 | G40: =_xlfn.XLOOKUP(A40,'[1]ESCALA DE PRODUÇÃO'!$AL$1:$AL$1048566,'[1]ESCALA DE PRODUÇÃO'!$AM$1:$AM$1048566,"SEM PREÇO") -> SEM PREÇO | H40: =IFERROR(C40*G40,"0") -> 0 | I40: =_xlfn.XLOOKUP(A40,'DADOS DE VENDA'!G:G,'DADOS DE VENDA'!J:J,"SEM VENDA") -> SEM VENDA | J40: =IFERROR(I40/E40,"0") -> 0 | K40: =IFERROR(I40*G40,"0") -> 0 | L40: =_xlfn.XLOOKUP(A40,'DADOS DE VENDA'!A:A,'DADOS DE VENDA'!E:E,"RUPTURA NO PERIODO") -> RUPTURA NO PERIODO | M40: {=_xlfn.IFS(C40<I40,"ABAIXO",C40>I40,"ACIMA",C40=I40,"OK")} -> ABAIXO | O40: =A40 -> 0 | P40: =_xlfn.XLOOKUP(O40,'[1]ESCALA DE PRODUÇÃO'!$AL$1:$AL$1048566,'[1]ESCALA DE PRODUÇÃO'!$AJ$1:$AJ$1048566,"NÃO ENCOTRADO") -> NÃO ENCOTRADO | Q40: =C40 -> 0 | R40: =F40 -> 0
A41: COD | B41: POKE /TEMAKI | C41: QTD | D41: KG/UN | E41: COD | F41: Q.PCT | G41: PREÇO | H41: TOTAL | I41: VENDA QTD | J41: EM PCT | K41: EM VALORES | L41: PERIODO BASE | M41: STATUS | O41: COD | P41: POKE /TEMAKI | Q41: QTD | R41: Q.PCT
A42: ='[1]ESCALA DE PRODUÇÃO'!G36 -> 0 | B42: =_xlfn.XLOOKUP(A42,'[1]ESCALA DE PRODUÇÃO'!$AL$1:$AL$1048566,'[1]ESCALA DE PRODUÇÃO'!$AJ$1:$AJ$1048566,"NÃO ENCOTRADO") -> NÃO ENCOTRADO | C42: 0 | D42: =_xlfn.XLOOKUP(A42,'[1]ESCALA DE PRODUÇÃO'!$AL$1:$AL$1048566,'[1]ESCALA DE PRODUÇÃO'!$AK$1:$AK$1048566,"0") -> 0 | E42: ='[1]ESCALA DE PRODUÇÃO'!I36 -> 0 | F42: =IFERROR(C42/E42,"0") -> 0 | G42: =_xlfn.XLOOKUP(A42,'[1]ESCALA DE PRODUÇÃO'!$AL$1:$AL$1048566,'[1]ESCALA DE PRODUÇÃO'!$AM$1:$AM$1048566,"SEM PREÇO") -> SEM PREÇO | H42: =IFERROR(C42*G42,"0") -> 0 | I42: =_xlfn.XLOOKUP(A42,'DADOS DE VENDA'!G:G,'DADOS DE VENDA'!J:J,"SEM VENDA") -> SEM VENDA | J42: =IFERROR(I42/E42,"0") -> 0 | K42: =IFERROR(I42*G42,"0") -> 0 | L42: =_xlfn.XLOOKUP(A42,'DADOS DE VENDA'!A:A,'DADOS DE VENDA'!E:E,"RUPTURA NO PERIODO") -> RUPTURA NO PERIODO | M42: {=_xlfn.IFS(C42<I42,"ABAIXO",C42>I42,"ACIMA",C42=I42,"OK")} -> ABAIXO | O42: =A42 -> 0 | P42: =_xlfn.XLOOKUP(O42,'[1]ESCALA DE PRODUÇÃO'!$AL$1:$AL$1048566,'[1]ESCALA DE PRODUÇÃO'!$AJ$1:$AJ$1048566,"NÃO ENCOTRADO") -> NÃO ENCOTRADO | Q42: =C42 -> 0 | R42: =F42 -> 0
A43: ='[1]ESCALA DE PRODUÇÃO'!G37 -> 9289 | B43: =_xlfn.XLOOKUP(A43,'[1]ESCALA DE PRODUÇÃO'!$AL$1:$AL$1048566,'[1]ESCALA DE PRODUÇÃO'!$AJ$1:$AJ$1048566,"NÃO ENCOTRADO") -> 009289 - ROTISSERIA TEMAKI HOT SALMAO GRELAHADO | C43: 4 | D43: =_xlfn.XLOOKUP(A43,'[1]ESCALA DE PRODUÇÃO'!$AL$1:$AL$1048566,'[1]ESCALA DE PRODUÇÃO'!$AK$1:$AK$1048566,"0") -> UN/0001 | E43: ='[1]ESCALA DE PRODUÇÃO'!I37 -> 1 | F43: =IFERROR(C43/E43,"0") -> 4 | G43: =_xlfn.XLOOKUP(A43,'[1]ESCALA DE PRODUÇÃO'!$AL$1:$AL$1048566,'[1]ESCALA DE PRODUÇÃO'!$AM$1:$AM$1048566,"SEM PREÇO") -> 24.9 | H43: =IFERROR(C43*G43,"0") -> 99.6 | I43: =_xlfn.XLOOKUP(A43,'DADOS DE VENDA'!G:G,'DADOS DE VENDA'!J:J,"SEM VENDA") -> SEM VENDA | J43: =IFERROR(I43/E43,"0") -> 0 | K43: =IFERROR(I43*G43,"0") -> 0 | L43: =_xlfn.XLOOKUP(A43,'DADOS DE VENDA'!A:A,'DADOS DE VENDA'!E:E,"RUPTURA NO PERIODO") -> RUPTURA NO PERIODO | M43: {=_xlfn.IFS(C43<I43,"ABAIXO",C43>I43,"ACIMA",C43=I43,"OK")} -> ABAIXO | O43: =A43 -> 9289 | P43: =_xlfn.XLOOKUP(O43,'[1]ESCALA DE PRODUÇÃO'!$AL$1:$AL$1048566,'[1]ESCALA DE PRODUÇÃO'!$AJ$1:$AJ$1048566,"NÃO ENCOTRADO") -> 009289 - ROTISSERIA TEMAKI HOT SALMAO GRELAHADO | Q43: =C43 -> 4 | R43: =F43 -> 4
A44: ='[1]ESCALA DE PRODUÇÃO'!G38 -> 0 | B44: =_xlfn.XLOOKUP(A44,'[1]ESCALA DE PRODUÇÃO'!$AL$1:$AL$1048566,'[1]ESCALA DE PRODUÇÃO'!$AJ$1:$AJ$1048566,"NÃO ENCOTRADO") -> NÃO ENCOTRADO | C44: 0 | D44: =_xlfn.XLOOKUP(A44,'[1]ESCALA DE PRODUÇÃO'!$AL$1:$AL$1048566,'[1]ESCALA DE PRODUÇÃO'!$AK$1:$AK$1048566,"0") -> 0 | E44: ='[1]ESCALA DE PRODUÇÃO'!I38 -> 0 | F44: =IFERROR(C44/E44,"0") -> 0 | G44: =_xlfn.XLOOKUP(A44,'[1]ESCALA DE PRODUÇÃO'!$AL$1:$AL$1048566,'[1]ESCALA DE PRODUÇÃO'!$AM$1:$AM$1048566,"SEM PREÇO") -> SEM PREÇO | H44: =IFERROR(C44*G44,"0") -> 0 | I44: =_xlfn.XLOOKUP(A44,'DADOS DE VENDA'!G:G,'DADOS DE VENDA'!J:J,"SEM VENDA") -> SEM VENDA | J44: =IFERROR(I44/E44,"0") -> 0 | K44: =IFERROR(I44*G44,"0") -> 0 | L44: =_xlfn.XLOOKUP(A44,'DADOS DE VENDA'!A:A,'DADOS DE VENDA'!E:E,"RUPTURA NO PERIODO") -> RUPTURA NO PERIODO | M44: {=_xlfn.IFS(C44<I44,"ABAIXO",C44>I44,"ACIMA",C44=I44,"OK")} -> ABAIXO | O44: =A44 -> 0 | P44: =_xlfn.XLOOKUP(O44,'[1]ESCALA DE PRODUÇÃO'!$AL$1:$AL$1048566,'[1]ESCALA DE PRODUÇÃO'!$AJ$1:$AJ$1048566,"NÃO ENCOTRADO") -> NÃO ENCOTRADO | Q44: =C44 -> 0 | R44: =F44 -> 0
B45: VALORES | C45: META | F45: PEDIDO | G45: =SUM(H34,H35,H36,H38,H39,H40,H42,H43,H44) -> 218.1 | I45: =_xlfn.XLOOKUP(A45,'DADOS DE VENDA'!G:G,'DADOS DE VENDA'!J:J,"SEM VENDA") -> 0 | J45: =SUM(K34,K35,K36,K38,K39,K40,K42,K43,K44) -> 99.6 | O45: TOTAL | Q45: =G45 -> 218.1
A48: TERÇA (LOJA 1 DESCONTÃO-ROTISSERIA) | I48: SUJESTÃO DE PEDIDO | O48: =O31 -> TERÇA FEIRA (LOJA 1 DESCONTÃO-ROTISSERIA) | Q48: DATA | R48: =R31 -> 46049
A49: MASSAS/MOLHOS/GELEIAS | C49: PEDIDO | D49: INFORMAÇÕES DO PEDIDO | I49: INFORMAÇÕES SUGESTÃO DE PEDIDO | O49: MASSAS/MOLHOS/GELEIAS | Q49: INFORMAÇÕES DO PEDIDO
A50: COD | B50: MASSAS | C50: QTD | D50: KG/UN | E50: P.PADRÃO | F50: Q.PCT | G50: PREÇO | H50: TOTAL | I50: VENDA QTD | J50: EM PCT | K50: EM VALORES | L50: PERIODO BASE | M50: STATUS | O50: COD | P50: MASSAS | Q50: QTD | R50: Q.PCT
A51: ='[1]ESCALA DE PRODUÇÃO'!G40 -> COD | B51: =_xlfn.XLOOKUP(A51,'[1]ESCALA DE PRODUÇÃO'!$AL$1:$AL$1048566,'[1]ESCALA DE PRODUÇÃO'!$AJ$1:$AJ$1048566,"NÃO ENCOTRADO") -> NÃO ENCOTRADO | C51: 0 | D51: =_xlfn.XLOOKUP(A51,'[1]ESCALA DE PRODUÇÃO'!$AL$1:$AL$1048566,'[1]ESCALA DE PRODUÇÃO'!$AK$1:$AK$1048566,"0") -> 0 | E51: ='[1]ESCALA DE PRODUÇÃO'!I40 -> PESO P/PCT | F51: =IFERROR(C51/E51,"0") -> 0 | G51: =_xlfn.XLOOKUP(A51,'[1]ESCALA DE PRODUÇÃO'!$AL$1:$AL$1048566,'[1]ESCALA DE PRODUÇÃO'!$AM$1:$AM$1048566,"SEM PREÇO") -> SEM PREÇO | H51: =IFERROR(C51*G51,"0") -> 0 | I51: =_xlfn.XLOOKUP(A51,'DADOS DE VENDA'!G:G,'DADOS DE VENDA'!J:J,"SEM VENDA") -> SEM VENDA | J51: =IFERROR(I51/E51,"0") -> 0 | K51: =IFERROR(I51*G51,"0") -> 0 | L51: =_xlfn.XLOOKUP(A51,'DADOS DE VENDA'!A:A,'DADOS DE VENDA'!E:E,"RUPTURA NO PERIODO") -> RUPTURA NO PERIODO | M51: {=_xlfn.IFS(C51<I51,"ABAIXO",C51>I51,"ACIMA",C51=I51,"OK")} -> ABAIXO | O51: =('[1]ESCALA DE PRODUÇÃO'!Q41) -> 8571 | P51: =_xlfn.XLOOKUP(O51,'[1]ESCALA DE PRODUÇÃO'!$AL$1:$AL$1048566,'[1]ESCALA DE PRODUÇÃO'!$AJ$1:$AJ$1048566,"NÃO ENCOTRADO") -> 008571 - ROTISSERIA POLENTA AO MOLHO CARNE MOIDA BENDITO KG | Q51: =C51 -> 0 | R51: =(F51) -> 0
A52: ='[1]ESCALA DE PRODUÇÃO'!G41 -> 6878 | B52: =_xlfn.XLOOKUP(A52,'[1]ESCALA DE PRODUÇÃO'!$AL$1:$AL$1048566,'[1]ESCALA DE PRODUÇÃO'!$AJ$1:$AJ$1048566,"NÃO ENCOTRADO") -> 006878 - ROT REFRIGERADO PANQUECA FRANGO C/CATUPIRY KG | C52: 3 | D52: =_xlfn.XLOOKUP(A52,'[1]ESCALA DE PRODUÇÃO'!$AL$1:$AL$1048566,'[1]ESCALA DE PRODUÇÃO'!$AK$1:$AK$1048566,"0") -> KG/0001 | E52: ='[1]ESCALA DE PRODUÇÃO'!I41 -> 0.25 | F52: =IFERROR(C52/E52,"0") -> 12 | G52: =_xlfn.XLOOKUP(A52,'[1]ESCALA DE PRODUÇÃO'!$AL$1:$AL$1048566,'[1]ESCALA DE PRODUÇÃO'!$AM$1:$AM$1048566,"SEM PREÇO") -> 63.9 | H52: =IFERROR(C52*G52,"0") -> 191.7 | I52: =_xlfn.XLOOKUP(A52,'DADOS DE VENDA'!G:G,'DADOS DE VENDA'!J:J,"SEM VENDA") -> SEM VENDA | J52: =IFERROR(I52/E52,"0") -> 0 | K52: =IFERROR(I52*G52,"0") -> 0 | L52: =_xlfn.XLOOKUP(A52,'DADOS DE VENDA'!A:A,'DADOS DE VENDA'!E:E,"RUPTURA NO PERIODO") -> RUPTURA NO PERIODO | M52: {=_xlfn.IFS(C52<I52,"ABAIXO",C52>I52,"ACIMA",C52=I52,"OK")} -> ABAIXO | O52: =('[1]ESCALA DE PRODUÇÃO'!Q42) -> 6878 | P52: =_xlfn.XLOOKUP(O52,'[1]ESCALA DE PRODUÇÃO'!$AL$1:$AL$1048566,'[1]ESCALA DE PRODUÇÃO'!$AJ$1:$AJ$1048566,"NÃO ENCOTRADO") -> 006878 - ROT REFRIGERADO PANQUECA FRANGO C/CATUPIRY KG | Q52: =C52 -> 3 | R52: =(F52) -> 12
A53: ='[1]ESCALA DE PRODUÇÃO'!G42 -> 6879 | B53: =_xlfn.XLOOKUP(A53,'[1]ESCALA DE PRODUÇÃO'!$AL$1:$AL$1048566,'[1]ESCALA DE PRODUÇÃO'!$AJ$1:$AJ$1048566,"NÃO ENCOTRADO") -> 006879 - ROT REFRIGERADO PANQUECA DE CARNE AO POMODORO | C53: 3 | D53: =_xlfn.XLOOKUP(A53,'[1]ESCALA DE PRODUÇÃO'!$AL$1:$AL$1048566,'[1]ESCALA DE PRODUÇÃO'!$AK$1:$AK$1048566,"0") -> KG/0001 | E53: ='[1]ESCALA DE PRODUÇÃO'!I42 -> 0.25 | F53: =IFERROR(C53/E53,"0") -> 12 | G53: =_xlfn.XLOOKUP(A53,'[1]ESCALA DE PRODUÇÃO'!$AL$1:$AL$1048566,'[1]ESCALA DE PRODUÇÃO'!$AM$1:$AM$1048566,"SEM PREÇO") -> 69.9 | H53: =IFERROR(C53*G53,"0") -> 209.7 | I53: =_xlfn.XLOOKUP(A53,'DADOS DE VENDA'!G:G,'DADOS DE VENDA'!J:J,"SEM VENDA") -> SEM VENDA | J53: =IFERROR(I53/E53,"0") -> 0 | K53: =IFERROR(I53*G53,"0") -> 0 | L53: =_xlfn.XLOOKUP(A53,'DADOS DE VENDA'!A:A,'DADOS DE VENDA'!E:E,"RUPTURA NO PERIODO") -> RUPTURA NO PERIODO | M53: {=_xlfn.IFS(C53<I53,"ABAIXO",C53>I53,"ACIMA",C53=I53,"OK")} -> ABAIXO | O53: =('[1]ESCALA DE PRODUÇÃO'!Q43) -> 0 | P53: =_xlfn.XLOOKUP(O53,'[1]ESCALA DE PRODUÇÃO'!$AL$1:$AL$1048566,'[1]ESCALA DE PRODUÇÃO'!$AJ$1:$AJ$1048566,"NÃO ENCOTRADO") -> NÃO ENCOTRADO | Q53: =C53 -> 3 | R53: =(F53) -> 12
A54: ='[1]ESCALA DE PRODUÇÃO'!G43 -> 0 | B54: =_xlfn.XLOOKUP(A54,'[1]ESCALA DE PRODUÇÃO'!$AL$1:$AL$1048566,'[1]ESCALA DE PRODUÇÃO'!$AJ$1:$AJ$1048566,"NÃO ENCOTRADO") -> NÃO ENCOTRADO | C54: 0 | D54: =_xlfn.XLOOKUP(A54,'[1]ESCALA DE PRODUÇÃO'!$AL$1:$AL$1048566,'[1]ESCALA DE PRODUÇÃO'!$AK$1:$AK$1048566,"0") -> 0 | E54: ='[1]ESCALA DE PRODUÇÃO'!I43 -> 0 | F54: =IFERROR(C54/E54,"0") -> 0 | G54: =_xlfn.XLOOKUP(A54,'[1]ESCALA DE PRODUÇÃO'!$AL$1:$AL$1048566,'[1]ESCALA DE PRODUÇÃO'!$AM$1:$AM$1048566,"SEM PREÇO") -> SEM PREÇO | H54: =IFERROR(C54*G54,"0") -> 0 | I54: =_xlfn.XLOOKUP(A54,'DADOS DE VENDA'!G:G,'DADOS DE VENDA'!J:J,"SEM VENDA") -> SEM VENDA | J54: =IFERROR(I54/E54,"0") -> 0 | K54: =IFERROR(I54*G54,"0") -> 0 | L54: =_xlfn.XLOOKUP(A54,'DADOS DE VENDA'!A:A,'DADOS DE VENDA'!E:E,"RUPTURA NO PERIODO") -> RUPTURA NO PERIODO | M54: {=_xlfn.IFS(C54<I54,"ABAIXO",C54>I54,"ACIMA",C54=I54,"OK")} -> ABAIXO | O54: =('[1]ESCALA DE PRODUÇÃO'!Q44) -> 8333 | P54: =_xlfn.XLOOKUP(O54,'[1]ESCALA DE PRODUÇÃO'!$AL$1:$AL$1048566,'[1]ESCALA DE PRODUÇÃO'!$AJ$1:$AJ$1048566,"NÃO ENCOTRADO") -> 008333 - ROTISSERIA BATATA/RECHEADA BROCOLIS E BACON | Q54: =C54 -> 0 | R54: =(F54) -> 0
A55: COD | B55: MASSAS | C55: 1.5 | D55: KG/UN | E55: P.PADRÃO | F55: Q.PCT | G55: PREÇO | H55: TOTAL | I55: VENDA QTD | J55: EM PCT | K55: EM VALORES | L55: PERIODO BASE | M55: STATUS | O55: COD | P55: MASSAS | Q55: QTD | R55: Q.PCT
A56: ='[1]ESCALA DE PRODUÇÃO'!G46 -> 9075 | B56: =_xlfn.XLOOKUP(A56,'[1]ESCALA DE PRODUÇÃO'!$AL$1:$AL$1048566,'[1]ESCALA DE PRODUÇÃO'!$AJ$1:$AJ$1048566,"NÃO ENCOTRADO") -> 009075 - ROTISSERIA PANQUECA MASSA ESPINAFRE FRAN.CREAM.BENDITO KG | C56: 3 | D56: =_xlfn.XLOOKUP(A56,'[1]ESCALA DE PRODUÇÃO'!$AL$1:$AL$1048566,'[1]ESCALA DE PRODUÇÃO'!$AK$1:$AK$1048566,"0") -> KG/0001 | E56: ='[1]ESCALA DE PRODUÇÃO'!$I$46 -> 0.25 | F56: =IFERROR(C56/E56,"0") -> 12 | G56: =_xlfn.XLOOKUP(A56,'[1]ESCALA DE PRODUÇÃO'!$AL$1:$AL$1048566,'[1]ESCALA DE PRODUÇÃO'!$AM$1:$AM$1048566,"SEM PREÇO") -> 62.9 | H56: =IFERROR(C56*G56,"0") -> 188.7 | I56: =_xlfn.XLOOKUP(A56,'DADOS DE VENDA'!G:G,'DADOS DE VENDA'!J:J,"SEM VENDA") -> SEM VENDA | J56: =IFERROR(I56/E56,"0") -> 0 | K56: =IFERROR(I56*G56,"0") -> 0 | L56: =_xlfn.XLOOKUP(A56,'DADOS DE VENDA'!A:A,'DADOS DE VENDA'!E:E,"RUPTURA NO PERIODO") -> RUPTURA NO PERIODO | M56: {=_xlfn.IFS(C56<I56,"ABAIXO",C56>I56,"ACIMA",C56=I56,"OK")} -> ABAIXO | O56: =('[1]ESCALA DE PRODUÇÃO'!Q46) -> 7570 | P56: =_xlfn.XLOOKUP(O56,'[1]ESCALA DE PRODUÇÃO'!$AL$1:$AL$1048566,'[1]ESCALA DE PRODUÇÃO'!$AJ$1:$AJ$1048566,"NÃO ENCOTRADO") -> 007570 - MOLHO PESTO BENDITO KG | Q56: 0 | R56: =F56 -> 12
A57: ='[1]ESCALA DE PRODUÇÃO'!G47 -> 0 | B57: =_xlfn.XLOOKUP(A57,'[1]ESCALA DE PRODUÇÃO'!$AL$1:$AL$1048566,'[1]ESCALA DE PRODUÇÃO'!$AJ$1:$AJ$1048566,"NÃO ENCOTRADO") -> NÃO ENCOTRADO | C57: 0 | D57: =_xlfn.XLOOKUP(A57,'[1]ESCALA DE PRODUÇÃO'!$AL$1:$AL$1048566,'[1]ESCALA DE PRODUÇÃO'!$AK$1:$AK$1048566,"0") -> 0 | E57: ='[1]ESCALA DE PRODUÇÃO'!$I$46 -> 0.25 | F57: =IFERROR(C57/E57,"0") -> 0 | G57: =_xlfn.XLOOKUP(A57,'[1]ESCALA DE PRODUÇÃO'!$AL$1:$AL$1048566,'[1]ESCALA DE PRODUÇÃO'!$AM$1:$AM$1048566,"SEM PREÇO") -> SEM PREÇO | H57: =IFERROR(C57*G57,"0") -> 0 | I57: =_xlfn.XLOOKUP(A57,'DADOS DE VENDA'!G:G,'DADOS DE VENDA'!J:J,"SEM VENDA") -> SEM VENDA | J57: =IFERROR(I57/E57,"0") -> 0 | K57: =IFERROR(I57*G57,"0") -> 0 | L57: =_xlfn.XLOOKUP(A57,'DADOS DE VENDA'!A:A,'DADOS DE VENDA'!E:E,"RUPTURA NO PERIODO") -> RUPTURA NO PERIODO | M57: {=_xlfn.IFS(C57<I57,"ABAIXO",C57>I57,"ACIMA",C57=I57,"OK")} -> ABAIXO | O57: =('[1]ESCALA DE PRODUÇÃO'!Q47) -> 0 | P57: =_xlfn.XLOOKUP(O57,'[1]ESCALA DE PRODUÇÃO'!$AL$1:$AL$1048566,'[1]ESCALA DE PRODUÇÃO'!$AJ$1:$AJ$1048566,"NÃO ENCOTRADO") -> NÃO ENCOTRADO | Q57: =C57 -> 0 | R57: =F57 -> 0
A58: ='[1]ESCALA DE PRODUÇÃO'!G48 -> 0 | B58: =_xlfn.XLOOKUP(A58,'[1]ESCALA DE PRODUÇÃO'!$AL$1:$AL$1048566,'[1]ESCALA DE PRODUÇÃO'!$AJ$1:$AJ$1048566,"NÃO ENCOTRADO") -> NÃO ENCOTRADO | C58: 0 | D58: =_xlfn.XLOOKUP(A58,'[1]ESCALA DE PRODUÇÃO'!$AL$1:$AL$1048566,'[1]ESCALA DE PRODUÇÃO'!$AK$1:$AK$1048566,"0") -> 0 | E58: ='[1]ESCALA DE PRODUÇÃO'!$I$46 -> 0.25 | F58: =IFERROR(C58/E58,"0") -> 0 | G58: =_xlfn.XLOOKUP(A58,'[1]ESCALA DE PRODUÇÃO'!$AL$1:$AL$1048566,'[1]ESCALA DE PRODUÇÃO'!$AM$1:$AM$1048566,"SEM PREÇO") -> SEM PREÇO | H58: =IFERROR(C58*G58,"0") -> 0 | I58: =_xlfn.XLOOKUP(A58,'DADOS DE VENDA'!G:G,'DADOS DE VENDA'!J:J,"SEM VENDA") -> SEM VENDA | J58: =IFERROR(I58/E58,"0") -> 0 | K58: =IFERROR(I58*G58,"0") -> 0 | L58: =_xlfn.XLOOKUP(A58,'DADOS DE VENDA'!A:A,'DADOS DE VENDA'!E:E,"RUPTURA NO PERIODO") -> RUPTURA NO PERIODO | M58: {=_xlfn.IFS(C58<I58,"ABAIXO",C58>I58,"ACIMA",C58=I58,"OK")} -> ABAIXO | O58: =('[1]ESCALA DE PRODUÇÃO'!Q48) -> 0 | P58: =_xlfn.XLOOKUP(O58,'[1]ESCALA DE PRODUÇÃO'!$AL$1:$AL$1048566,'[1]ESCALA DE PRODUÇÃO'!$AJ$1:$AJ$1048566,"NÃO ENCOTRADO") -> NÃO ENCOTRADO | Q58: =C58 -> 0 | R58: =F58 -> 0
A59: ='[1]ESCALA DE PRODUÇÃO'!G49 -> 0 | B59: =_xlfn.XLOOKUP(A59,'[1]ESCALA DE PRODUÇÃO'!$AL$1:$AL$1048566,'[1]ESCALA DE PRODUÇÃO'!$AJ$1:$AJ$1048566,"NÃO ENCOTRADO") -> NÃO ENCOTRADO | C59: 0 | D59: =_xlfn.XLOOKUP(A59,'[1]ESCALA DE PRODUÇÃO'!$AL$1:$AL$1048566,'[1]ESCALA DE PRODUÇÃO'!$AK$1:$AK$1048566,"0") -> 0 | E59: ='[1]ESCALA DE PRODUÇÃO'!$I$46 -> 0.25 | F59: =IFERROR(C59/E59,"0") -> 0 | G59: =_xlfn.XLOOKUP(A59,'[1]ESCALA DE PRODUÇÃO'!$AL$1:$AL$1048566,'[1]ESCALA DE PRODUÇÃO'!$AM$1:$AM$1048566,"SEM PREÇO") -> SEM PREÇO | H59: =IFERROR(C59*G59,"0") -> 0 | I59: =_xlfn.XLOOKUP(A59,'DADOS DE VENDA'!G:G,'DADOS DE VENDA'!J:J,"SEM VENDA") -> SEM VENDA | J59: =IFERROR(I59/E59,"0") -> 0 | K59: =IFERROR(I59*G59,"0") -> 0 | L59: =_xlfn.XLOOKUP(A59,'DADOS DE VENDA'!A:A,'DADOS DE VENDA'!E:E,"RUPTURA NO PERIODO") -> RUPTURA NO PERIODO | M59: {=_xlfn.IFS(C59<I59,"ABAIXO",C59>I59,"ACIMA",C59=I59,"OK")} -> ABAIXO | O59: =('[1]ESCALA DE PRODUÇÃO'!Q49) -> 0 | P59: =_xlfn.XLOOKUP(O59,'[1]ESCALA DE PRODUÇÃO'!$AL$1:$AL$1048566,'[1]ESCALA DE PRODUÇÃO'!$AJ$1:$AJ$1048566,"NÃO ENCOTRADO") -> NÃO ENCOTRADO | Q59: =C59 -> 0 | R59: =F59 -> 0
B60: VALORES | C60: META | F60: PEDIDO | G60: =SUM(H51,H52,H53,H54,H56,H57,H58,H59) -> 590.1 | I60: =_xlfn.XLOOKUP(A60,'DADOS DE VENDA'!G:G,'DADOS DE VENDA'!J:J,"SEM VENDA") -> 0 | J60: =SUM(K51,K52,K53,K54,K56,K57,K58,K59) -> 0 | O60: TOTAL | Q60: =G60 -> 590.1
O63: TOTAL ROTISSERIA | Q63: =SUM(Q28,Q45,Q60) -> 1811.58

Sheet QUARTA
A1: QUARTA (LOJA 1 DESCONTÃO-ROTISSERIA) | I1: SUJESTÃO DE PEDIDO | P1: QUARTA (LOJA 1 DESCONTÃO-ROTISSERIA) | R1: DATA | S1: 46049
A2: DESCRIÇÃO PRODUTO | C2: PEDIDO | D2: INFORMAÇÕES DO PEDIDO | I2: INFORMAÇÕES SUGESTÃO DE PEDIDO | P2: ALMOÇO | R2: INFORMAÇÕES DO PEDIDO
A3: COD | B3: MARMITA 3 DIVISORIAS | C3: QTD | D3: KG/UN | E3: P.PADRÃO | F3: Q.PCT | G3: PREÇO | H3: TOTAL | I3: VENDA QTD | J3: EM PCT | K3: EM VALORES | L3: PERIODO BASE | M3: STATUS | P3: COD | Q3: MARMITA 3 DIVISORIAS | R3: QTD | S3: Q.PCT
A4: =('[1]ESCALA DE PRODUÇÃO'!L3) -> 7673 | B4: =_xlfn.XLOOKUP(A4,'[1]ESCALA DE PRODUÇÃO'!$AL$1:$AL$1048566,'[1]ESCALA DE PRODUÇÃO'!$AJ$1:$AJ$1048566,"NÃO ENCOTRADO") -> 007673 - REFEICAO FILE FRANGO PARMEGIANA BENDITO UN | C4: 14 | D4: =_xlfn.XLOOKUP(A4,'[1]ESCALA DE PRODUÇÃO'!$AL$1:$AL$1048566,'[1]ESCALA DE PRODUÇÃO'!$AK$1:$AK$1048566,"0") -> UN/0001 | E4: =('[1]ESCALA DE PRODUÇÃO'!N3) -> 1 | F4: =IFERROR(C4/E4,"0") -> 14 | G4: =_xlfn.XLOOKUP(A4,'[1]ESCALA DE PRODUÇÃO'!$AL$1:$AL$1048566,'[1]ESCALA DE PRODUÇÃO'!$AM$1:$AM$1048566,"SEM PREÇO") -> 25.9 | H4: =IFERROR(C4*G4,"0") -> 362.6 | I4: =_xlfn.XLOOKUP(A4,'DADOS DE VENDA'!M:M,'DADOS DE VENDA'!P:P,"SEM VENDA") -> 14 | J4: =IFERROR(I4/E4,"0") -> 14 | K4: =IFERROR(I4*G4,"0") -> 362.6 | L4: =_xlfn.XLOOKUP(A4,'DADOS DE VENDA'!A:A,'DADOS DE VENDA'!E:E,"RUPTURA NO PERIODO") -> RUPTURA NO PERIODO | M4: {=_xlfn.IFS(C4<I4,"ABAIXO",C4>I4,"ACIMA",C4=I4,"OK")} -> OK | P4: =A4 -> 7673 | Q4: =_xlfn.XLOOKUP(P4,'[1]ESCALA DE PRODUÇÃO'!$AL$1:$AL$1048566,'[1]ESCALA DE PRODUÇÃO'!$AJ$1:$AJ$1048566,"NÃO ENCOTRADO") -> 007673 - REFEICAO FILE FRANGO PARMEGIANA BENDITO UN | R4: =C4 -> 14 | S4: =(F4) -> 14
A5: =('[1]ESCALA DE PRODUÇÃO'!L4) -> 8948 | B5: =_xlfn.XLOOKUP(A5,'[1]ESCALA DE PRODUÇÃO'!$AL$1:$AL$1048566,'[1]ESCALA DE PRODUÇÃO'!$AJ$1:$AJ$1048566,"NÃO ENCOTRADO") -> 008948 - REF COPA LOMBO SUINA MILANESA BENDITO | C5: 10 | D5: =_xlfn.XLOOKUP(A5,'[1]ESCALA DE PRODUÇÃO'!$AL$1:$AL$1048566,'[1]ESCALA DE PRODUÇÃO'!$AK$1:$AK$1048566,"0") -> UN/0001 | E5: =('[1]ESCALA DE PRODUÇÃO'!N4) -> 1 | F5: =IFERROR(C5/E5,"0") -> 10 | G5: =_xlfn.XLOOKUP(A5,'[1]ESCALA DE PRODUÇÃO'!$AL$1:$AL$1048566,'[1]ESCALA DE PRODUÇÃO'!$AM$1:$AM$1048566,"SEM PREÇO") -> 23.9 | H5: =IFERROR(C5*G5,"0") -> 239 | I5: =_xlfn.XLOOKUP(A5,'DADOS DE VENDA'!M:M,'DADOS DE VENDA'!P:P,"SEM VENDA") -> SEM VENDA | J5: =IFERROR(I5/E5,"0") -> 0 | K5: =IFERROR(I5*G5,"0") -> 0 | L5: =_xlfn.XLOOKUP(A5,'DADOS DE VENDA'!A:A,'DADOS DE VENDA'!E:E,"RUPTURA NO PERIODO") -> RUPTURA NO PERIODO | M5: {=_xlfn.IFS(C5<I5,"ABAIXO",C5>I5,"ACIMA",C5=I5,"OK")} -> ABAIXO | P5: =A5 -> 8948 | Q5: =_xlfn.XLOOKUP(P5,'[1]ESCALA DE PRODUÇÃO'!$AL$1:$AL$1048566,'[1]ESCALA DE PRODUÇÃO'!$AJ$1:$AJ$1048566,"NÃO ENCOTRADO") -> 008948 - REF COPA LOMBO SUINA MILANESA BENDITO | R5: =C5 -> 10 | S5: =(F5) -> 10
A6: =('[1]ESCALA DE PRODUÇÃO'!L5) -> 0 | B6: =_xlfn.XLOOKUP(A6,'[1]ESCALA DE PRODUÇÃO'!$AL$1:$AL$1048566,'[1]ESCALA DE PRODUÇÃO'!$AJ$1:$AJ$1048566,"NÃO ENCOTRADO") -> NÃO ENCOTRADO | C6: 0 | D6: =_xlfn.XLOOKUP(A6,'[1]ESCALA DE PRODUÇÃO'!$AL$1:$AL$1048566,'[1]ESCALA DE PRODUÇÃO'!$AK$1:$AK$1048566,"0") -> 0 | E6: =('[1]ESCALA DE PRODUÇÃO'!N5) -> 1 | F6: =IFERROR(C6/E6,"0") -> 0 | G6: =_xlfn.XLOOKUP(A6,'[1]ESCALA DE PRODUÇÃO'!$AL$1:$AL$1048566,'[1]ESCALA DE PRODUÇÃO'!$AM$1:$AM$1048566,"SEM PREÇO") -> SEM PREÇO | H6: =IFERROR(C6*G6,"0") -> 0 | I6: =_xlfn.XLOOKUP(A6,'DADOS DE VENDA'!M:M,'DADOS DE VENDA'!P:P,"SEM VENDA") -> SEM VENDA | J6: =IFERROR(I6/E6,"0") -> 0 | K6: =IFERROR(I6*G6,"0") -> 0 | L6: =_xlfn.XLOOKUP(A6,'DADOS DE VENDA'!A:A,'DADOS DE VENDA'!E:E,"RUPTURA NO PERIODO") -> RUPTURA NO PERIODO | M6: {=_xlfn.IFS(C6<I6,"ABAIXO",C6>I6,"ACIMA",C6=I6,"OK")} -> ABAIXO | P6: =A6 -> 0 | Q6: =_xlfn.XLOOKUP(P6,'[1]ESCALA DE PRODUÇÃO'!$AL$1:$AL$1048566,'[1]ESCALA DE PRODUÇÃO'!$AJ$1:$AJ$1048566,"NÃO ENCOTRADO") -> NÃO ENCOTRADO | R6: =C6 -> 0 | S6: =(F6) -> 0
A7: COD | B7: MACARRÃO | C7: QTD | D7: KG/UN | E7: P.PADRÃO | F7: Q.PCT | G7: PREÇO | H7: TOTAL | I7: VENDA QTD | J7: EM PCT | K7: EM VALORES | L7: PERIODO BASE | M7: STATUS | P7: COD | Q7: MACARRÃO | R7: QTD | S7: Q.PCT
A8: =('[1]ESCALA DE PRODUÇÃO'!L7) -> 8480 | B8: =_xlfn.XLOOKUP(A8,'[1]ESCALA DE PRODUÇÃO'!$AL$1:$AL$1048566,'[1]ESCALA DE PRODUÇÃO'!$AJ$1:$AJ$1048566,"NÃO ENCOTRADO") -> 008480 - ROTISSERIA MACARRONADA A BOLONHESA BENDITO KG | C8: 3.5 | D8: =_xlfn.XLOOKUP(A8,'[1]ESCALA DE PRODUÇÃO'!$AL$1:$AL$1048566,'[1]ESCALA DE PRODUÇÃO'!$AK$1:$AK$1048566,"0") -> KG/0001 | E8: =('[1]ESCALA DE PRODUÇÃO'!N7) -> 0.35 | F8: =IFERROR(C8/E8,"0") -> 10 | G8: =_xlfn.XLOOKUP(A8,'[1]ESCALA DE PRODUÇÃO'!$AL$1:$AL$1048566,'[1]ESCALA DE PRODUÇÃO'!$AM$1:$AM$1048566,"SEM PREÇO") -> 39.9 | H8: =IFERROR(C8*G8,"0") -> 139.65 | I8: =_xlfn.XLOOKUP(A8,'DADOS DE VENDA'!M:M,'DADOS DE VENDA'!P:P,"SEM VENDA") -> 4.66 | J8: =IFERROR(I8/E8,"0") -> 13.314286 | K8: =IFERROR(I8*G8,"0") -> 185.934 | L8: =_xlfn.XLOOKUP(A8,'DADOS DE VENDA'!A:A,'DADOS DE VENDA'!E:E,"RUPTURA NO PERIODO") -> RUPTURA NO PERIODO | M8: {=_xlfn.IFS(C8<I8,"ABAIXO",C8>I8,"ACIMA",C8=I8,"OK")} -> ABAIXO | P8: =A8 -> 8480 | Q8: =_xlfn.XLOOKUP(P8,'[1]ESCALA DE PRODUÇÃO'!$AL$1:$AL$1048566,'[1]ESCALA DE PRODUÇÃO'!$AJ$1:$AJ$1048566,"NÃO ENCOTRADO") -> 008480 - ROTISSERIA MACARRONADA A BOLONHESA BENDITO KG | R8: =C8 -> 3.5 | S8: =(F8) -> 10
A9: =('[1]ESCALA DE PRODUÇÃO'!L8) -> 8321 | B9: =_xlfn.XLOOKUP(A9,'[1]ESCALA DE PRODUÇÃO'!$AL$1:$AL$1048566,'[1]ESCALA DE PRODUÇÃO'!$AJ$1:$AJ$1048566,"NÃO ENCOTRADO") -> 008321 - ROT.ESPAGUETE A BOLONHESA + POLPETONE RECHEADO BENDITO | C9: 3.5 | D9: =_xlfn.XLOOKUP(A9,'[1]ESCALA DE PRODUÇÃO'!$AL$1:$AL$1048566,'[1]ESCALA DE PRODUÇÃO'!$AK$1:$AK$1048566,"0") -> UN/0001 | E9: =('[1]ESCALA DE PRODUÇÃO'!N8) -> 1 | F9: =IFERROR(C9/E9,"0") -> 3.5 | G9: =_xlfn.XLOOKUP(A9,'[1]ESCALA DE PRODUÇÃO'!$AL$1:$AL$1048566,'[1]ESCALA DE PRODUÇÃO'!$AM$1:$AM$1048566,"SEM PREÇO") -> 25.9 | H9: =IFERROR(C9*G9,"0") -> 90.65 | I9: =_xlfn.XLOOKUP(A9,'DADOS DE VENDA'!M:M,'DADOS DE VENDA'!P:P,"SEM VENDA") -> 4 | J9: =IFERROR(I9/E9,"0") -> 4 | K9: =IFERROR(I9*G9,"0") -> 103.6 | L9: =_xlfn.XLOOKUP(A9,'DADOS DE VENDA'!A:A,'DADOS DE VENDA'!E:E,"RUPTURA NO PERIODO") -> RUPTURA NO PERIODO | M9: {=_xlfn.IFS(C9<I9,"ABAIXO",C9>I9,"ACIMA",C9=I9,"OK")} -> ABAIXO | P9: =A9 -> 8321 | Q9: =_xlfn.XLOOKUP(P9,'[1]ESCALA DE PRODUÇÃO'!$AL$1:$AL$1048566,'[1]ESCALA DE PRODUÇÃO'!$AJ$1:$AJ$1048566,"NÃO ENCOTRADO") -> 008321 - ROT.ESPAGUETE A BOLONHESA + POLPETONE RECHEADO BENDITO | R9: =C9 -> 3.5 | S9: =(F9) -> 3.5
A10: =('[1]ESCALA DE PRODUÇÃO'!L9) -> 9019 | B10: =_xlfn.XLOOKUP(A10,'[1]ESCALA DE PRODUÇÃO'!$AL$1:$AL$1048566,'[1]ESCALA DE PRODUÇÃO'!$AJ$1:$AJ$1048566,"NÃO ENCOTRADO") -> NÃO ENCOTRADO | C10: 0 | D10: =_xlfn.XLOOKUP(A10,'[1]ESCALA DE PRODUÇÃO'!$AL$1:$AL$1048566,'[1]ESCALA DE PRODUÇÃO'!$AK$1:$AK$1048566,"0") -> 0 | E10: =('[1]ESCALA DE PRODUÇÃO'!N9) -> 0 | F10: =IFERROR(C10/E10,"0") -> 0 | G10: =_xlfn.XLOOKUP(A10,'[1]ESCALA DE PRODUÇÃO'!$AL$1:$AL$1048566,'[1]ESCALA DE PRODUÇÃO'!$AM$1:$AM$1048566,"SEM PREÇO") -> SEM PREÇO | H10: =IFERROR(C10*G10,"0") -> 0 | I10: =_xlfn.XLOOKUP(A10,'DADOS DE VENDA'!M:M,'DADOS DE VENDA'!P:P,"SEM VENDA") -> SEM VENDA | J10: =IFERROR(I10/E10,"0") -> 0 | K10: =IFERROR(I10*G10,"0") -> 0 | L10: =_xlfn.XLOOKUP(A10,'DADOS DE VENDA'!A:A,'DADOS DE VENDA'!E:E,"RUPTURA NO PERIODO") -> RUPTURA NO PERIODO | M10: {=_xlfn.IFS(C10<I10,"ABAIXO",C10>I10,"ACIMA",C10=I10,"OK")} -> ABAIXO | P10: =A10 -> 9019 | Q10: =_xlfn.XLOOKUP(P10,'[1]ESCALA DE PRODUÇÃO'!$AL$1:$AL$1048566,'[1]ESCALA DE PRODUÇÃO'!$AJ$1:$AJ$1048566,"NÃO ENCOTRADO") -> NÃO ENCOTRADO | R10: =C10 -> 0 | S10: =(F10) -> 0
A11: COD | B11: MONO ARROZ | C11: QTD | D11: KG/UN | E11: P.PADRÃO | F11: Q.PCT | G11: PREÇO | H11: TOTAL | I11: VENDA QTD | J11: EM PCT | K11: EM VALORES | L11: PERIODO BASE | M11: STATUS | P11: COD | Q11: MONO ARROZ | R11: QTD | S11: Q.PCT
A12: =('[1]ESCALA DE PRODUÇÃO'!L11) -> 8028 | B12: =_xlfn.XLOOKUP(A12,'[1]ESCALA DE PRODUÇÃO'!$AL$1:$AL$1048566,'[1]ESCALA DE PRODUÇÃO'!$AJ$1:$AJ$1048566,"NÃO ENCOTRADO") -> 008028 - ROTISSERIA ARROZ BRANCO BENDITO KG | C12: 1.2 | D12: =_xlfn.XLOOKUP(A12,'[1]ESCALA DE PRODUÇÃO'!$AL$1:$AL$1048566,'[1]ESCALA DE PRODUÇÃO'!$AK$1:$AK$1048566,"0") -> KG/0001 | E12: =('[1]ESCALA DE PRODUÇÃO'!N11) -> 0.12 | F12: =IFERROR(C12/E12,"0") -> 10 | G12: =_xlfn.XLOOKUP(A12,'[1]ESCALA DE PRODUÇÃO'!$AL$1:$AL$1048566,'[1]ESCALA DE PRODUÇÃO'!$AM$1:$AM$1048566,"SEM PREÇO") -> 28.9 | H12: =IFERROR(C12*G12,"0") -> 34.68 | I12: =_xlfn.XLOOKUP(A12,'DADOS DE VENDA'!M:M,'DADOS DE VENDA'!P:P,"SEM VENDA") -> 1.52 | J12: =IFERROR(I12/E12,"0") -> 12.666667 | K12: =IFERROR(I12*G12,"0") -> 43.928 | L12: =_xlfn.XLOOKUP(A12,'DADOS DE VENDA'!A:A,'DADOS DE VENDA'!E:E,"RUPTURA NO PERIODO") -> 19/01 a20/01 | M12: {=_xlfn.IFS(C12<I12,"ABAIXO",C12>I12,"ACIMA",C12=I12,"OK")} -> ABAIXO | P12: =A12 -> 8028 | Q12: =_xlfn.XLOOKUP(P12,'[1]ESCALA DE PRODUÇÃO'!$AL$1:$AL$1048566,'[1]ESCALA DE PRODUÇÃO'!$AJ$1:$AJ$1048566,"NÃO ENCOTRADO") -> 008028 - ROTISSERIA ARROZ BRANCO BENDITO KG | R12: =C12 -> 1.2 | S12: =(F12) -> 10
A13: =('[1]ESCALA DE PRODUÇÃO'!L12) -> 346 | B13: =_xlfn.XLOOKUP(A13,'[1]ESCALA DE PRODUÇÃO'!$AL$1:$AL$1048566,'[1]ESCALA DE PRODUÇÃO'!$AJ$1:$AJ$1048566,"NÃO ENCOTRADO") -> NÃO ENCOTRADO | C13: 0 | D13: =_xlfn.XLOOKUP(A13,'[1]ESCALA DE PRODUÇÃO'!$AL$1:$AL$1048566,'[1]ESCALA DE PRODUÇÃO'!$AK$1:$AK$1048566,"0") -> 0 | E13: =('[1]ESCALA DE PRODUÇÃO'!N12) -> 0 | F13: =IFERROR(C13/E13,"0") -> 0 | G13: =_xlfn.XLOOKUP(A13,'[1]ESCALA DE PRODUÇÃO'!$AL$1:$AL$1048566,'[1]ESCALA DE PRODUÇÃO'!$AM$1:$AM$1048566,"SEM PREÇO") -> SEM PREÇO | H13: =IFERROR(C13*G13,"0") -> 0 | I13: =_xlfn.XLOOKUP(A13,'DADOS DE VENDA'!M:M,'DADOS DE VENDA'!P:P,"SEM VENDA") -> SEM VENDA | J13: =IFERROR(I13/E13,"0") -> 0 | K13: =IFERROR(I13*G13,"0") -> 0 | L13: =_xlfn.XLOOKUP(A13,'DADOS DE VENDA'!A:A,'DADOS DE VENDA'!E:E,"RUPTURA NO PERIODO") -> RUPTURA NO PERIODO | M13: {=_xlfn.IFS(C13<I13,"ABAIXO",C13>I13,"ACIMA",C13=I13,"OK")} -> ABAIXO | P13: =A13 -> 346 | Q13: =_xlfn.XLOOKUP(P13,'[1]ESCALA DE PRODUÇÃO'!$AL$1:$AL$1048566,'[1]ESCALA DE PRODUÇÃO'!$AJ$1:$AJ$1048566,"NÃO ENCOTRADO") -> NÃO ENCOTRADO | R13: =C13 -> 0 | S13: =(F13) -> 0
A14: COD | B14: MONO FEIJÃO | C14: QTD | D14: KG/UN | E14: P.PADRÃO | F14: Q.PCT | G14: PREÇO | H14: TOTAL | I14: VENDA QTD | J14: EM PCT | K14: EM VALORES | L14: PERIODO BASE | M14: STATUS | P14: COD | Q14: MONO FEIJÃO | R14: QTD | S14: Q.PCT
A15: =('[1]ESCALA DE PRODUÇÃO'!L14) -> 8328 | B15: =_xlfn.XLOOKUP(A15,'[1]ESCALA DE PRODUÇÃO'!$AL$1:$AL$1048566,'[1]ESCALA DE PRODUÇÃO'!$AJ$1:$AJ$1048566,"NÃO ENCOTRADO") -> 008328 - ROTISSERIA FEIJAO BENDITO KG | C15: 1.5 | D15: =_xlfn.XLOOKUP(A15,'[1]ESCALA DE PRODUÇÃO'!$AL$1:$AL$1048566,'[1]ESCALA DE PRODUÇÃO'!$AK$1:$AK$1048566,"0") -> KG/0001 | E15: =('[1]ESCALA DE PRODUÇÃO'!N14) -> 0.18 | F15: =IFERROR(C15/E15,"0") -> 8.3333333 | G15: =_xlfn.XLOOKUP(A15,'[1]ESCALA DE PRODUÇÃO'!$AL$1:$AL$1048566,'[1]ESCALA DE PRODUÇÃO'!$AM$1:$AM$1048566,"SEM PREÇO") -> 34.9 | H15: =IFERROR(C15*G15,"0") -> 52.35 | I15: =_xlfn.XLOOKUP(A15,'DADOS DE VENDA'!M:M,'DADOS DE VENDA'!P:P,"SEM VENDA") -> 0.19 | J15: =IFERROR(I15/E15,"0") -> 1.0555556 | K15: =IFERROR(I15*G15,"0") -> 6.631 | L15: =_xlfn.XLOOKUP(A15,'DADOS DE VENDA'!A:A,'DADOS DE VENDA'!E:E,"RUPTURA NO PERIODO") -> 19/01 a20/01 | M15: {=_xlfn.IFS(C15<I15,"ABAIXO",C15>I15,"ACIMA",C15=I15,"OK")} -> ACIMA | P15: =A15 -> 8328 | Q15: =_xlfn.XLOOKUP(P15,'[1]ESCALA DE PRODUÇÃO'!$AL$1:$AL$1048566,'[1]ESCALA DE PRODUÇÃO'!$AJ$1:$AJ$1048566,"NÃO ENCOTRADO") -> 008328 - ROTISSERIA FEIJAO BENDITO KG | R15: =C15 -> 1.5 | S15: =(F15) -> 8.3333333
A16: =('[1]ESCALA DE PRODUÇÃO'!L15) -> 0 | B16: =_xlfn.XLOOKUP(A16,'[1]ESCALA DE PRODUÇÃO'!$AL$1:$AL$1048566,'[1]ESCALA DE PRODUÇÃO'!$AJ$1:$AJ$1048566,"NÃO ENCOTRADO") -> NÃO ENCOTRADO | C16: 0 | D16: =_xlfn.XLOOKUP(A16,'[1]ESCALA DE PRODUÇÃO'!$AL$1:$AL$1048566,'[1]ESCALA DE PRODUÇÃO'!$AK$1:$AK$1048566,"0") -> 0 | E16: =('[1]ESCALA DE PRODUÇÃO'!N15) -> 0 | F16: =IFERROR(C16/E16,"0") -> 0 | G16: =_xlfn.XLOOKUP(A16,'[1]ESCALA DE PRODUÇÃO'!$AL$1:$AL$1048566,'[1]ESCALA DE PRODUÇÃO'!$AM$1:$AM$1048566,"SEM PREÇO") -> SEM PREÇO | H16: =IFERROR(C16*G16,"0") -> 0 | I16: =_xlfn.XLOOKUP(A16,'DADOS DE VENDA'!M:M,'DADOS DE VENDA'!P:P,"SEM VENDA") -> SEM VENDA | J16: =IFERROR(I16/E16,"0") -> 0 | K16: =IFERROR(I16*G16,"0") -> 0 | L16: =_xlfn.XLOOKUP(A16,'DADOS DE VENDA'!A:A,'DADOS DE VENDA'!E:E,"RUPTURA NO PERIODO") -> RUPTURA NO PERIODO | M16: {=_xlfn.IFS(C16<I16,"ABAIXO",C16>I16,"ACIMA",C16=I16,"OK")} -> ABAIXO | P16: =A16 -> 0 | Q16: =_xlfn.XLOOKUP(P16,'[1]ESCALA DE PRODUÇÃO'!$AL$1:$AL$1048566,'[1]ESCALA DE PRODUÇÃO'!$AJ$1:$AJ$1048566,"NÃO ENCOTRADO") -> NÃO ENCOTRADO | R16: =C16 -> 0 | S16: =(F16) -> 0
A17: COD | B17: MONO GUARNIÇÃO | C17: QTD | D17: KG/UN | E17: P.PADRÃO | F17: Q.PCT | G17: PREÇO | H17: TOTAL | I17: VENDA QTD | J17: EM PCT | K17: EM VALORES | L17: PERIODO BASE | M17: STATUS | P17: COD | Q17: MONO GUARNIÇÃO | R17: QTD | S17: Q.PCT
A18: =('[1]ESCALA DE PRODUÇÃO'!L17) -> 8292 | B18: =_xlfn.XLOOKUP(A18,'[1]ESCALA DE PRODUÇÃO'!$AL$1:$AL$1048566,'[1]ESCALA DE PRODUÇÃO'!$AJ$1:$AJ$1048566,"NÃO ENCOTRADO") -> 008292 - ROTISSERIA CREME DE MILHO BENDITO KG | C18: 1 | D18: =_xlfn.XLOOKUP(A18,'[1]ESCALA DE PRODUÇÃO'!$AL$1:$AL$1048566,'[1]ESCALA DE PRODUÇÃO'!$AK$1:$AK$1048566,"0") -> KG/0001 | E18: =('[1]ESCALA DE PRODUÇÃO'!N17) -> 0.15 | F18: =IFERROR(C18/E18,"0") -> 6.6666667 | G18: =_xlfn.XLOOKUP(A18,'[1]ESCALA DE PRODUÇÃO'!$AL$1:$AL$1048566,'[1]ESCALA DE PRODUÇÃO'!$AM$1:$AM$1048566,"SEM PREÇO") -> 41.9 | H18: =IFERROR(C18*G18,"0") -> 41.9 | I18: =_xlfn.XLOOKUP(A18,'DADOS DE VENDA'!M:M,'DADOS DE VENDA'!P:P,"SEM VENDA") -> SEM VENDA | J18: =IFERROR(I18/E18,"0") -> 0 | K18: =IFERROR(I18*G18,"0") -> 0 | L18: =_xlfn.XLOOKUP(A18,'DADOS DE VENDA'!A:A,'DADOS DE VENDA'!E:E,"RUPTURA NO PERIODO") -> 19/01 a20/01 | M18: {=_xlfn.IFS(C18<I18,"ABAIXO",C18>I18,"ACIMA",C18=I18,"OK")} -> ABAIXO | P18: =A18 -> 8292 | Q18: =_xlfn.XLOOKUP(P18,'[1]ESCALA DE PRODUÇÃO'!$AL$1:$AL$1048566,'[1]ESCALA DE PRODUÇÃO'!$AJ$1:$AJ$1048566,"NÃO ENCOTRADO") -> 008292 - ROTISSERIA CREME DE MILHO BENDITO KG | R18: =C18 -> 1 | S18: =(F18) -> 6.6666667
A19: =('[1]ESCALA DE PRODUÇÃO'!L18) -> 8391 | B19: =_xlfn.XLOOKUP(A19,'[1]ESCALA DE PRODUÇÃO'!$AL$1:$AL$1048566,'[1]ESCALA DE PRODUÇÃO'!$AJ$1:$AJ$1048566,"NÃO ENCOTRADO") -> 008391 - ROTISSERIA JILO FRITO BENDITO KG | C19: 0.8 | D19: =_xlfn.XLOOKUP(A19,'[1]ESCALA DE PRODUÇÃO'!$AL$1:$AL$1048566,'[1]ESCALA DE PRODUÇÃO'!$AK$1:$AK$1048566,"0") -> KG/0001 | E19: =('[1]ESCALA DE PRODUÇÃO'!N18) -> 0.08 | F19: =IFERROR(C19/E19,"0") -> 10 | G19: =_xlfn.XLOOKUP(A19,'[1]ESCALA DE PRODUÇÃO'!$AL$1:$AL$1048566,'[1]ESCALA DE PRODUÇÃO'!$AM$1:$AM$1048566,"SEM PREÇO") -> 52.9 | H19: =IFERROR(C19*G19,"0") -> 42.32 | I19: =_xlfn.XLOOKUP(A19,'DADOS DE VENDA'!M:M,'DADOS DE VENDA'!P:P,"SEM VENDA") -> SEM VENDA | J19: =IFERROR(I19/E19,"0") -> 0 | K19: =IFERROR(I19*G19,"0") -> 0 | L19: =_xlfn.XLOOKUP(A19,'DADOS DE VENDA'!A:A,'DADOS DE VENDA'!E:E,"RUPTURA NO PERIODO") -> 19/01 a20/01 | M19: {=_xlfn.IFS(C19<I19,"ABAIXO",C19>I19,"ACIMA",C19=I19,"OK")} -> ABAIXO | P19: =A19 -> 8391 | Q19: =_xlfn.XLOOKUP(P19,'[1]ESCALA DE PRODUÇÃO'!$AL$1:$AL$1048566,'[1]ESCALA DE PRODUÇÃO'!$AJ$1:$AJ$1048566,"NÃO ENCOTRADO") -> 008391 - ROTISSERIA JILO FRITO BENDITO KG | R19: =C19 -> 0.8 | S19: =(F19) -> 10
A20: =('[1]ESCALA DE PRODUÇÃO'!L19) -> 8153 | B20: =_xlfn.XLOOKUP(A20,'[1]ESCALA DE PRODUÇÃO'!$AL$1:$AL$1048566,'[1]ESCALA DE PRODUÇÃO'!$AJ$1:$AJ$1048566,"NÃO ENCOTRADO") -> 008153 - ROTISSERIA BERINJELA PIZZAOLA BENDITO KG | C20: 1 | D20: =_xlfn.XLOOKUP(A20,'[1]ESCALA DE PRODUÇÃO'!$AL$1:$AL$1048566,'[1]ESCALA DE PRODUÇÃO'!$AK$1:$AK$1048566,"0") -> KG/0001 | E20: =('[1]ESCALA DE PRODUÇÃO'!N19) -> 0.08 | F20: =IFERROR(C20/E20,"0") -> 12.5 | G20: =_xlfn.XLOOKUP(A20,'[1]ESCALA DE PRODUÇÃO'!$AL$1:$AL$1048566,'[1]ESCALA DE PRODUÇÃO'!$AM$1:$AM$1048566,"SEM PREÇO") -> 42.9 | H20: =IFERROR(C20*G20,"0") -> 42.9 | I20: =_xlfn.XLOOKUP(A20,'DADOS DE VENDA'!M:M,'DADOS DE VENDA'!P:P,"SEM VENDA") -> SEM VENDA | J20: =IFERROR(I20/E20,"0") -> 0 | K20: =IFERROR(I20*G20,"0") -> 0 | L20: =_xlfn.XLOOKUP(A20,'DADOS DE VENDA'!A:A,'DADOS DE VENDA'!E:E,"RUPTURA NO PERIODO") -> RUPTURA NO PERIODO | M20: {=_xlfn.IFS(C20<I20,"ABAIXO",C20>I20,"ACIMA",C20=I20,"OK")} -> ABAIXO | P20: =A20 -> 8153 | Q20: =_xlfn.XLOOKUP(P20,'[1]ESCALA DE PRODUÇÃO'!$AL$1:$AL$1048566,'[1]ESCALA DE PRODUÇÃO'!$AJ$1:$AJ$1048566,"NÃO ENCOTRADO") -> 008153 - ROTISSERIA BERINJELA PIZZAOLA BENDITO KG | R20: =C20 -> 1 | S20: =(F20) -> 12.5
A21: COD | B21: MONO PROTEINAS | C21: QTD | D21: KG/UN | E21: P.PADRÃO | F21: Q.PCT | G21: PREÇO | H21: TOTAL | I21: VENDA QTD | J21: EM PCT | K21: EM VALORES | L21: PERIODO BASE | M21: STATUS | P21: COD | Q21: MONO PROTEINAS | R21: QTD | S21: Q.PCT
A22: =('[1]ESCALA DE PRODUÇÃO'!L21) -> 8349 | B22: =_xlfn.XLOOKUP(A22,'[1]ESCALA DE PRODUÇÃO'!$AL$1:$AL$1048566,'[1]ESCALA DE PRODUÇÃO'!$AJ$1:$AJ$1048566,"NÃO ENCOTRADO") -> 008349 - ROTISSERIA FILE FRANGO PARMEGIANA BENDITO KG | C22: 2 | D22: =_xlfn.XLOOKUP(A22,'[1]ESCALA DE PRODUÇÃO'!$AL$1:$AL$1048566,'[1]ESCALA DE PRODUÇÃO'!$AK$1:$AK$1048566,"0") -> KG/0001 | E22: =('[1]ESCALA DE PRODUÇÃO'!N21) -> 0.15 | F22: =IFERROR(C22/E22,"0") -> 13.333333 | G22: =_xlfn.XLOOKUP(A22,'[1]ESCALA DE PRODUÇÃO'!$AL$1:$AL$1048566,'[1]ESCALA DE PRODUÇÃO'!$AM$1:$AM$1048566,"SEM PREÇO") -> 68.9 | H22: =IFERROR(C22*G22,"0") -> 137.8 | I22: =_xlfn.XLOOKUP(A22,'DADOS DE VENDA'!M:M,'DADOS DE VENDA'!P:P,"SEM VENDA") -> 0.81 | J22: =IFERROR(I22/E22,"0") -> 5.4 | K22: =IFERROR(I22*G22,"0") -> 55.809 | L22: =_xlfn.XLOOKUP(A22,'DADOS DE VENDA'!A:A,'DADOS DE VENDA'!E:E,"RUPTURA NO PERIODO") -> RUPTURA NO PERIODO | M22: {=_xlfn.IFS(C22<I22,"ABAIXO",C22>I22,"ACIMA",C22=I22,"OK")} -> ACIMA | P22: =A22 -> 8349 | Q22: =_xlfn.XLOOKUP(P22,'[1]ESCALA DE PRODUÇÃO'!$AL$1:$AL$1048566,'[1]ESCALA DE PRODUÇÃO'!$AJ$1:$AJ$1048566,"NÃO ENCOTRADO") -> 008349 - ROTISSERIA FILE FRANGO PARMEGIANA BENDITO KG | R22: =C22 -> 2 | S22: =(F22) -> 13.333333
A23: =('[1]ESCALA DE PRODUÇÃO'!L23) -> 0 | B23: =_xlfn.XLOOKUP(A23,'[1]ESCALA DE PRODUÇÃO'!$AL$1:$AL$1048566,'[1]ESCALA DE PRODUÇÃO'!$AJ$1:$AJ$1048566,"NÃO ENCOTRADO") -> NÃO ENCOTRADO | C23: 2 | D23: =_xlfn.XLOOKUP(A23,'[1]ESCALA DE PRODUÇÃO'!$AL$1:$AL$1048566,'[1]ESCALA DE PRODUÇÃO'!$AK$1:$AK$1048566,"0") -> 0 | E23: =('[1]ESCALA DE PRODUÇÃO'!N23) -> 0 | F23: =IFERROR(C23/E23,"0") -> 0 | G23: =_xlfn.XLOOKUP(A23,'[1]ESCALA DE PRODUÇÃO'!$AL$1:$AL$1048566,'[1]ESCALA DE PRODUÇÃO'!$AM$1:$AM$1048566,"SEM PREÇO") -> SEM PREÇO | H23: =IFERROR(C23*G23,"0") -> 0 | I23: =_xlfn.XLOOKUP(A23,'DADOS DE VENDA'!M:M,'DADOS DE VENDA'!P:P,"SEM VENDA") -> SEM VENDA | J23: =IFERROR(I23/E23,"0") -> 0 | K23: =IFERROR(I23*G23,"0") -> 0 | L23: =_xlfn.XLOOKUP(A23,'DADOS DE VENDA'!A:A,'DADOS DE VENDA'!E:E,"RUPTURA NO PERIODO") -> RUPTURA NO PERIODO | M23: {=_xlfn.IFS(C23<I23,"ABAIXO",C23>I23,"ACIMA",C23=I23,"OK")} -> ABAIXO | P23: =A23 -> 0 | Q23: =_xlfn.XLOOKUP(P23,'[1]ESCALA DE PRODUÇÃO'!$AL$1:$AL$1048566,'[1]ESCALA DE PRODUÇÃO'!$AJ$1:$AJ$1048566,"NÃO ENCOTRADO") -> NÃO ENCOTRADO | R23: =C23 -> 2 | S23: =(F23) -> 0
A24: =('[1]ESCALA DE PRODUÇÃO'!L24) -> 8284 | B24: =_xlfn.XLOOKUP(A24,'[1]ESCALA DE PRODUÇÃO'!$AL$1:$AL$1048566,'[1]ESCALA DE PRODUÇÃO'!$AJ$1:$AJ$1048566,"NÃO ENCOTRADO") -> 008284 - ROTISSERIA COXA SOBRECOXA ASSADA BENDITO KG | C24: 3 | D24: =_xlfn.XLOOKUP(A24,'[1]ESCALA DE PRODUÇÃO'!$AL$1:$AL$1048566,'[1]ESCALA DE PRODUÇÃO'!$AK$1:$AK$1048566,"0") -> KG/0001 | E24: =('[1]ESCALA DE PRODUÇÃO'!N24) -> 0.15 | F24: =IFERROR(C24/E24,"0") -> 20 | G24: =_xlfn.XLOOKUP(A24,'[1]ESCALA DE PRODUÇÃO'!$AL$1:$AL$1048566,'[1]ESCALA DE PRODUÇÃO'!$AM$1:$AM$1048566,"SEM PREÇO") -> 61.9 | H24: =IFERROR(C24*G24,"0") -> 185.7 | I24: =_xlfn.XLOOKUP(A24,'DADOS DE VENDA'!M:M,'DADOS DE VENDA'!P:P,"SEM VENDA") -> SEM VENDA | J24: =IFERROR(I24/E24,"0") -> 0 | K24: =IFERROR(I24*G24,"0") -> 0 | L24: =_xlfn.XLOOKUP(A24,'DADOS DE VENDA'!A:A,'DADOS DE VENDA'!E:E,"RUPTURA NO PERIODO") -> RUPTURA NO PERIODO | M24: {=_xlfn.IFS(C24<I24,"ABAIXO",C24>I24,"ACIMA",C24=I24,"OK")} -> ABAIXO | P24: =A24 -> 8284 | Q24: =_xlfn.XLOOKUP(P24,'[1]ESCALA DE PRODUÇÃO'!$AL$1:$AL$1048566,'[1]ESCALA DE PRODUÇÃO'!$AJ$1:$AJ$1048566,"NÃO ENCOTRADO") -> 008284 - ROTISSERIA COXA SOBRECOXA ASSADA BENDITO KG | R24: =C24 -> 3 | S24: =(F24) -> 20
A25: COD | B25: SALADAS COZIDAS | C25: QTD | D25: KG/UN | E25: P.PADRÃO | F25: Q.PCT | G25: PREÇO | H25: TOTAL | I25: VENDA QTD | J25: EM PCT | K25: EM VALORES | L25: PERIODO BASE | M25: STATUS | P25: COD | Q25: SALADAS COZIDAS | R25: QTD | S25: Q.PCT
A26: =('[1]ESCALA DE PRODUÇÃO'!L26) -> 8690 | B26: =_xlfn.XLOOKUP(A26,'[1]ESCALA DE PRODUÇÃO'!$AL$1:$AL$1048566,'[1]ESCALA DE PRODUÇÃO'!$AJ$1:$AJ$1048566,"NÃO ENCOTRADO") -> 008690 - ROTISSERIA SALADA DE BATATA CURTINHA BENDITO KG | C26: 2 | D26: =_xlfn.XLOOKUP(A26,'[1]ESCALA DE PRODUÇÃO'!$AL$1:$AL$1048566,'[1]ESCALA DE PRODUÇÃO'!$AK$1:$AK$1048566,"0") -> KG/0001 | E26: =('[1]ESCALA DE PRODUÇÃO'!N26) -> 0.35 | F26: =IFERROR(C26/E26,"0") -> 5.7142857 | G26: =_xlfn.XLOOKUP(A26,'[1]ESCALA DE PRODUÇÃO'!$AL$1:$AL$1048566,'[1]ESCALA DE PRODUÇÃO'!$AM$1:$AM$1048566,"SEM PREÇO") -> 34.9 | H26: =IFERROR(C26*G26,"0") -> 69.8 | I26: =_xlfn.XLOOKUP(A26,'DADOS DE VENDA'!M:M,'DADOS DE VENDA'!P:P,"SEM VENDA") -> 1.62 | J26: =IFERROR(I26/E26,"0") -> 4.6285714 | K26: =IFERROR(I26*G26,"0") -> 56.538 | L26: =_xlfn.XLOOKUP(A26,'DADOS DE VENDA'!A:A,'DADOS DE VENDA'!E:E,"RUPTURA NO PERIODO") -> RUPTURA NO PERIODO | M26: {=_xlfn.IFS(C26<I26,"ABAIXO",C26>I26,"ACIMA",C26=I26,"OK")} -> ACIMA | P26: =A26 -> 8690 | Q26: =_xlfn.XLOOKUP(P26,'[1]ESCALA DE PRODUÇÃO'!$AL$1:$AL$1048566,'[1]ESCALA DE PRODUÇÃO'!$AJ$1:$AJ$1048566,"NÃO ENCOTRADO") -> 008690 - ROTISSERIA SALADA DE BATATA CURTINHA BENDITO KG | R26: =C26 -> 2 | S26: =(F26) -> 5.7142857
A27: 0 | B27: =_xlfn.XLOOKUP(A27,'[1]ESCALA DE PRODUÇÃO'!$AL$1:$AL$1048566,'[1]ESCALA DE PRODUÇÃO'!$AJ$1:$AJ$1048566,"NÃO ENCOTRADO") -> NÃO ENCOTRADO | C27: 0 | D27: =_xlfn.XLOOKUP(A27,'[1]ESCALA DE PRODUÇÃO'!$AL$1:$AL$1048566,'[1]ESCALA DE PRODUÇÃO'!$AK$1:$AK$1048566,"0") -> 0 | E27: =('[1]ESCALA DE PRODUÇÃO'!N27) -> 0.35 | F27: =IFERROR(C27/E27,"0") -> 0 | G27: =_xlfn.XLOOKUP(A27,'[1]ESCALA DE PRODUÇÃO'!$AL$1:$AL$1048566,'[1]ESCALA DE PRODUÇÃO'!$AM$1:$AM$1048566,"SEM PREÇO") -> SEM PREÇO | H27: =IFERROR(C27*G27,"0") -> 0 | I27: =_xlfn.XLOOKUP(A27,'DADOS DE VENDA'!M:M,'DADOS DE VENDA'!P:P,"SEM VENDA") -> SEM VENDA | J27: =IFERROR(I27/E27,"0") -> 0 | K27: =IFERROR(I27*G27,"0") -> 0 | L27: =_xlfn.XLOOKUP(A27,'DADOS DE VENDA'!A:A,'DADOS DE VENDA'!E:E,"RUPTURA NO PERIODO") -> RUPTURA NO PERIODO | M27: {=_xlfn.IFS(C27<I27,"ABAIXO",C27>I27,"ACIMA",C27=I27,"OK")} -> ABAIXO | P27: =A27 -> 0 | Q27: =_xlfn.XLOOKUP(P27,'[1]ESCALA DE PRODUÇÃO'!$AL$1:$AL$1048566,'[1]ESCALA DE PRODUÇÃO'!$AJ$1:$AJ$1048566,"NÃO ENCOTRADO") -> NÃO ENCOTRADO | R27: =C27 -> 0 | S27: =(F27) -> 0
B28: VALORES | C28: META | F28: PEDIDO | G28: =SUM(H4+H5+H6+H8+H9+H10+H12+H13+H15+H16+H18+H19+H20+H22+H24+H26+H27) -> 1439.35 | I28: =_xlfn.XLOOKUP(A28,'DADOS DE VENDA'!M:M,'DADOS DE VENDA'!P:P,"SEM VENDA") -> 0 | J28: =SUM(K4+K5+K6+K8+K9+K10+K12+K13+K15+K16+K18+K19+K20+K22+K24+K26+K27) -> 815.04 | P28: TOTAL | R28: =G28 -> 1439.35
A31: QUARTA (LOJA 1 DESCONTÃO-ROTISSERIA) | I31: SUJESTÃO DE PEDIDO | P31: =P1 -> QUARTA (LOJA 1 DESCONTÃO-ROTISSERIA) | R31: DATA | S31: =S1 -> 46049
A32: SALADAS C/PROTEINAS | C32: PEDIDO | D32: INFORMAÇÕES DO PEDIDO | I32: INFORMAÇÕES SUGESTÃO DE PEDIDO | P32: SALADAS C/PROTEINAS | R32: INFORMAÇÕES DO PEDIDO
A33: COD | B33: SALADAS PROTEICAS | C33: QTD | D33: KG/UN | E33: P.PADRÃO | F33: Q.PCT | G33: PREÇO | H33: TOTAL | I33: VENDA QTD | J33: EM PCT | K33: EM VALORES | L33: PERIODO BASE | M33: STATUS | P33: COD | Q33: SALADAS PROTEICAS | R33: QTD | S33: Q.PCT
A34: =('[1]ESCALA DE PRODUÇÃO'!L29) -> 8963 | B34: =_xlfn.XLOOKUP(A34,'[1]ESCALA DE PRODUÇÃO'!$AL$1:$AL$1048566,'[1]ESCALA DE PRODUÇÃO'!$AJ$1:$AJ$1048566,"NÃO ENCOTRADO") -> 008963 - ROTISSERIA SALADA CEASER C/FRANGO BENDITO | C34: 4 | D34: =_xlfn.XLOOKUP(A34,'[1]ESCALA DE PRODUÇÃO'!$AL$1:$AL$1048566,'[1]ESCALA DE PRODUÇÃO'!$AK$1:$AK$1048566,"0") -> UN/0001 | E34: =('[1]ESCALA DE PRODUÇÃO'!N29) -> 1 | F34: =IFERROR(C34/E34,"0") -> 4 | G34: =_xlfn.XLOOKUP(A34,'[1]ESCALA DE PRODUÇÃO'!$AL$1:$AL$1048566,'[1]ESCALA DE PRODUÇÃO'!$AM$1:$AM$1048566,"SEM PREÇO") -> 24.9 | H34: =IFERROR(C34*G34,"0") -> 99.6 | I34: =_xlfn.XLOOKUP(A34,'DADOS DE VENDA'!M:M,'DADOS DE VENDA'!P:P,"SEM VENDA") -> 5 | J34: =IFERROR(I34/E34,"0") -> 5 | K34: =IFERROR(I34*G34,"0") -> 124.5 | L34: =_xlfn.XLOOKUP(A34,'DADOS DE VENDA'!A:A,'DADOS DE VENDA'!E:E,"RUPTURA NO PERIODO") -> 19/01 a20/01 | M34: {=_xlfn.IFS(C34<I34,"ABAIXO",C34>I34,"ACIMA",C34=I34,"OK")} -> ABAIXO | P34: =('[1]ESCALA DE PRODUÇÃO'!Q29) -> 8963 | Q34: =_xlfn.XLOOKUP(P34,'[1]ESCALA DE PRODUÇÃO'!$AL$1:$AL$1048566,'[1]ESCALA DE PRODUÇÃO'!$AJ$1:$AJ$1048566,"NÃO ENCOTRADO") -> 008963 - ROTISSERIA SALADA CEASER C/FRANGO BENDITO | R34: =C34 -> 4 | S34: =F34 -> 4
A35: =('[1]ESCALA DE PRODUÇÃO'!L30) -> 8962 | B35: =_xlfn.XLOOKUP(A35,'[1]ESCALA DE PRODUÇÃO'!$AL$1:$AL$1048566,'[1]ESCALA DE PRODUÇÃO'!$AJ$1:$AJ$1048566,"NÃO ENCOTRADO") -> 008962 - ROTISSERIA SALADA MIX DE FOLHA E LEGUMES C/PROTEINAS BENDITO | C35: 2 | D35: =_xlfn.XLOOKUP(A35,'[1]ESCALA DE PRODUÇÃO'!$AL$1:$AL$1048566,'[1]ESCALA DE PRODUÇÃO'!$AK$1:$AK$1048566,"0") -> UN/0001 | E35: =('[1]ESCALA DE PRODUÇÃO'!N30) -> 1 | F35: =IFERROR(C35/E35,"0") -> 2 | G35: =_xlfn.XLOOKUP(A35,'[1]ESCALA DE PRODUÇÃO'!$AL$1:$AL$1048566,'[1]ESCALA DE PRODUÇÃO'!$AM$1:$AM$1048566,"SEM PREÇO") -> 21.9 | H35: =IFERROR(C35*G35,"0") -> 43.8 | I35: =_xlfn.XLOOKUP(A35,'DADOS DE VENDA'!M:M,'DADOS DE VENDA'!P:P,"SEM VENDA") -> SEM VENDA | J35: =IFERROR(I35/E35,"0") -> 0 | K35: =IFERROR(I35*G35,"0") -> 0 | L35: =_xlfn.XLOOKUP(A35,'DADOS DE VENDA'!A:A,'DADOS DE VENDA'!E:E,"RUPTURA NO PERIODO") -> RUPTURA NO PERIODO | M35: {=_xlfn.IFS(C35<I35,"ABAIXO",C35>I35,"ACIMA",C35=I35,"OK")} -> ABAIXO | P35: =('[1]ESCALA DE PRODUÇÃO'!Q30) -> 0 | Q35: =_xlfn.XLOOKUP(P35,'[1]ESCALA DE PRODUÇÃO'!$AL$1:$AL$1048566,'[1]ESCALA DE PRODUÇÃO'!$AJ$1:$AJ$1048566,"NÃO ENCOTRADO") -> NÃO ENCOTRADO | R35: =C35 -> 2 | S35: =F35 -> 2
A36: =('[1]ESCALA DE PRODUÇÃO'!L31) -> 0 | B36: =_xlfn.XLOOKUP(A36,'[1]ESCALA DE PRODUÇÃO'!$AL$1:$AL$1048566,'[1]ESCALA DE PRODUÇÃO'!$AJ$1:$AJ$1048566,"NÃO ENCOTRADO") -> NÃO ENCOTRADO | C36: 0 | D36: =_xlfn.XLOOKUP(A36,'[1]ESCALA DE PRODUÇÃO'!$AL$1:$AL$1048566,'[1]ESCALA DE PRODUÇÃO'!$AK$1:$AK$1048566,"0") -> 0 | E36: =('[1]ESCALA DE PRODUÇÃO'!N31) -> 0 | F36: =IFERROR(C36/E36,"0") -> 0 | G36: =_xlfn.XLOOKUP(A36,'[1]ESCALA DE PRODUÇÃO'!$AL$1:$AL$1048566,'[1]ESCALA DE PRODUÇÃO'!$AM$1:$AM$1048566,"SEM PREÇO") -> SEM PREÇO | H36: =IFERROR(C36*G36,"0") -> 0 | I36: =_xlfn.XLOOKUP(A36,'DADOS DE VENDA'!M:M,'DADOS DE VENDA'!P:P,"SEM VENDA") -> SEM VENDA | J36: =IFERROR(I36/E36,"0") -> 0 | K36: =IFERROR(I36*G36,"0") -> 0 | L36: =_xlfn.XLOOKUP(A36,'DADOS DE VENDA'!A:A,'DADOS DE VENDA'!E:E,"RUPTURA NO PERIODO") -> RUPTURA NO PERIODO | M36: {=_xlfn.IFS(C36<I36,"ABAIXO",C36>I36,"ACIMA",C36=I36,"OK")} -> ABAIXO | P36: =('[1]ESCALA DE PRODUÇÃO'!Q31) -> 0 | Q36: =_xlfn.XLOOKUP(P36,'[1]ESCALA DE PRODUÇÃO'!$AL$1:$AL$1048566,'[1]ESCALA DE PRODUÇÃO'!$AJ$1:$AJ$1048566,"NÃO ENCOTRADO") -> NÃO ENCOTRADO | R36: =C36 -> 0 | S36: =F36 -> 0
A37: COD | B37: SUSHI | C37: QTD | D37: KG/UN | E37: P.PADRÃO | F37: Q.PCT | G37: PREÇO | H37: TOTAL | I37: VENDA QTD | J37: EM PCT | K37: EM VALORES | L37: PERIODO BASE | M37: STATUS | P37: COD | Q37: SUSHI | R37: QTD | S37: Q.PCT
A38: =('[1]ESCALA DE PRODUÇÃO'!L33) -> 9124 | B38: =_xlfn.XLOOKUP(A38,'[1]ESCALA DE PRODUÇÃO'!$AL$1:$AL$1048566,'[1]ESCALA DE PRODUÇÃO'!$AJ$1:$AJ$1048566,"NÃO ENCOTRADO") -> 009124 - ROTISSERIA HOT HOLL BENDITO UN | C38: 6 | D38: =_xlfn.XLOOKUP(A38,'[1]ESCALA DE PRODUÇÃO'!$AL$1:$AL$1048566,'[1]ESCALA DE PRODUÇÃO'!$AK$1:$AK$1048566,"0") -> UN/0001 | E38: =('[1]ESCALA DE PRODUÇÃO'!N33) -> 1 | F38: =IFERROR(C38/E38,"0") -> 6 | G38: =_xlfn.XLOOKUP(A38,'[1]ESCALA DE PRODUÇÃO'!$AL$1:$AL$1048566,'[1]ESCALA DE PRODUÇÃO'!$AM$1:$AM$1048566,"SEM PREÇO") -> 25.9 | H38: =IFERROR(C38*G38,"0") -> 155.4 | I38: =_xlfn.XLOOKUP(A38,'DADOS DE VENDA'!M:M,'DADOS DE VENDA'!P:P,"SEM VENDA") -> 2 | J38: =IFERROR(I38/E38,"0") -> 2 | K38: =IFERROR(I38*G38,"0") -> 51.8 | L38: =_xlfn.XLOOKUP(A38,'DADOS DE VENDA'!A:A,'DADOS DE VENDA'!E:E,"RUPTURA NO PERIODO") -> 19/01 a20/01 | M38: {=_xlfn.IFS(C38<I38,"ABAIXO",C38>I38,"ACIMA",C38=I38,"OK")} -> ACIMA | P38: =('[1]ESCALA DE PRODUÇÃO'!Q33) -> 9123 | Q38: =_xlfn.XLOOKUP(P38,'[1]ESCALA DE PRODUÇÃO'!$AL$1:$AL$1048566,'[1]ESCALA DE PRODUÇÃO'!$AJ$1:$AJ$1048566,"NÃO ENCOTRADO") -> 009123 - ROTISSERIA SUSHI KANI C/CREAM CHEESE BENDITO UN | R38: =C38 -> 6 | S38: =F38 -> 6
A39: =('[1]ESCALA DE PRODUÇÃO'!L34) -> 9119 | B39: =_xlfn.XLOOKUP(A39,'[1]ESCALA DE PRODUÇÃO'!$AL$1:$AL$1048566,'[1]ESCALA DE PRODUÇÃO'!$AJ$1:$AJ$1048566,"NÃO ENCOTRADO") -> 009119 - ROTISSERIA CALIFORNIA BENDITO UN | C39: 3 | D39: =_xlfn.XLOOKUP(A39,'[1]ESCALA DE PRODUÇÃO'!$AL$1:$AL$1048566,'[1]ESCALA DE PRODUÇÃO'!$AK$1:$AK$1048566,"0") -> UN/0001 | E39: =('[1]ESCALA DE PRODUÇÃO'!N34) -> 1 | F39: =IFERROR(C39/E39,"0") -> 3 | G39: =_xlfn.XLOOKUP(A39,'[1]ESCALA DE PRODUÇÃO'!$AL$1:$AL$1048566,'[1]ESCALA DE PRODUÇÃO'!$AM$1:$AM$1048566,"SEM PREÇO") -> 19.9 | H39: =IFERROR(C39*G39,"0") -> 59.7 | I39: =_xlfn.XLOOKUP(A39,'DADOS DE VENDA'!M:M,'DADOS DE VENDA'!P:P,"SEM VENDA") -> SEM VENDA | J39: =IFERROR(I39/E39,"0") -> 0 | K39: =IFERROR(I39*G39,"0") -> 0 | L39: =_xlfn.XLOOKUP(A39,'DADOS DE VENDA'!A:A,'DADOS DE VENDA'!E:E,"RUPTURA NO PERIODO") -> RUPTURA NO PERIODO | M39: {=_xlfn.IFS(C39<I39,"ABAIXO",C39>I39,"ACIMA",C39=I39,"OK")} -> ABAIXO | P39: =('[1]ESCALA DE PRODUÇÃO'!Q34) -> 0 | Q39: =_xlfn.XLOOKUP(P39,'[1]ESCALA DE PRODUÇÃO'!$AL$1:$AL$1048566,'[1]ESCALA DE PRODUÇÃO'!$AJ$1:$AJ$1048566,"NÃO ENCOTRADO") -> NÃO ENCOTRADO | R39: =C39 -> 3 | S39: =F39 -> 3
A40: =('[1]ESCALA DE PRODUÇÃO'!L35) -> 0 | B40: =_xlfn.XLOOKUP(A40,'[1]ESCALA DE PRODUÇÃO'!$AL$1:$AL$1048566,'[1]ESCALA DE PRODUÇÃO'!$AJ$1:$AJ$1048566,"NÃO ENCOTRADO") -> NÃO ENCOTRADO | C40: 0 | D40: =_xlfn.XLOOKUP(A40,'[1]ESCALA DE PRODUÇÃO'!$AL$1:$AL$1048566,'[1]ESCALA DE PRODUÇÃO'!$AK$1:$AK$1048566,"0") -> 0 | E40: =('[1]ESCALA DE PRODUÇÃO'!N35) -> 0 | F40: =IFERROR(C40/E40,"0") -> 0 | G40: =_xlfn.XLOOKUP(A40,'[1]ESCALA DE PRODUÇÃO'!$AL$1:$AL$1048566,'[1]ESCALA DE PRODUÇÃO'!$AM$1:$AM$1048566,"SEM PREÇO") -> SEM PREÇO | H40: =IFERROR(C40*G40,"0") -> 0 | I40: =_xlfn.XLOOKUP(A40,'DADOS DE VENDA'!M:M,'DADOS DE VENDA'!P:P,"SEM VENDA") -> SEM VENDA | J40: =IFERROR(I40/E40,"0") -> 0 | K40: =IFERROR(I40*G40,"0") -> 0 | L40: =_xlfn.XLOOKUP(A40,'DADOS DE VENDA'!A:A,'DADOS DE VENDA'!E:E,"RUPTURA NO PERIODO") -> RUPTURA NO PERIODO | M40: {=_xlfn.IFS(C40<I40,"ABAIXO",C40>I40,"ACIMA",C40=I40,"OK")} -> ABAIXO | P40: =('[1]ESCALA DE PRODUÇÃO'!Q35) -> 0 | Q40: =_xlfn.XLOOKUP(P40,'[1]ESCALA DE PRODUÇÃO'!$AL$1:$AL$1048566,'[1]ESCALA DE PRODUÇÃO'!$AJ$1:$AJ$1048566,"NÃO ENCOTRADO") -> NÃO ENCOTRADO | R40: =C40 -> 0 | S40: =F40 -> 0
A41: COD | B41: POKE /TEMAKI | C41: QTD | D41: KG/UN | E41: P.PADRÃO | F41: Q.PCT | G41: PREÇO | H41: TOTAL | I41: VENDA QTD | J41: EM PCT | K41: EM VALORES | L41: PERIODO BASE | M41: STATUS | P41: COD | Q41: POKE /TEMAKI | R41: QTD | S41: Q.PCT
A42: =('[1]ESCALA DE PRODUÇÃO'!L37) -> 0 | B42: =_xlfn.XLOOKUP(A42,'[1]ESCALA DE PRODUÇÃO'!$AL$1:$AL$1048566,'[1]ESCALA DE PRODUÇÃO'!$AJ$1:$AJ$1048566,"NÃO ENCOTRADO") -> NÃO ENCOTRADO | C42: 0 | D42: =_xlfn.XLOOKUP(A42,'[1]ESCALA DE PRODUÇÃO'!$AL$1:$AL$1048566,'[1]ESCALA DE PRODUÇÃO'!$AK$1:$AK$1048566,"0") -> 0 | E42: =('[1]ESCALA DE PRODUÇÃO'!N37) -> 0 | F42: =IFERROR(C42/E42,"0") -> 0 | G42: =_xlfn.XLOOKUP(A42,'[1]ESCALA DE PRODUÇÃO'!$AL$1:$AL$1048566,'[1]ESCALA DE PRODUÇÃO'!$AM$1:$AM$1048566,"SEM PREÇO") -> SEM PREÇO | H42: =IFERROR(C42*G42,"0") -> 0 | I42: =_xlfn.XLOOKUP(A42,'DADOS DE VENDA'!M:M,'DADOS DE VENDA'!P:P,"SEM VENDA") -> SEM VENDA | J42: =IFERROR(I42/E42,"0") -> 0 | K42: =IFERROR(I42*G42,"0") -> 0 | L42: =_xlfn.XLOOKUP(A42,'DADOS DE VENDA'!A:A,'DADOS DE VENDA'!E:E,"RUPTURA NO PERIODO") -> RUPTURA NO PERIODO | M42: {=_xlfn.IFS(C42<I42,"ABAIXO",C42>I42,"ACIMA",C42=I42,"OK")} -> ABAIXO | P42: =('[1]ESCALA DE PRODUÇÃO'!Q37) -> 9289 | Q42: =_xlfn.XLOOKUP(P42,'[1]ESCALA DE PRODUÇÃO'!$AL$1:$AL$1048566,'[1]ESCALA DE PRODUÇÃO'!$AJ$1:$AJ$1048566,"NÃO ENCOTRADO") -> 009289 - ROTISSERIA TEMAKI HOT SALMAO GRELAHADO | R42: =C42 -> 0 | S42: =F42 -> 0
A43: =('[1]ESCALA DE PRODUÇÃO'!L38) -> 0 | B43: =_xlfn.XLOOKUP(A43,'[1]ESCALA DE PRODUÇÃO'!$AL$1:$AL$1048566,'[1]ESCALA DE PRODUÇÃO'!$AJ$1:$AJ$1048566,"NÃO ENCOTRADO") -> NÃO ENCOTRADO | C43: 0 | D43: =_xlfn.XLOOKUP(A43,'[1]ESCALA DE PRODUÇÃO'!$AL$1:$AL$1048566,'[1]ESCALA DE PRODUÇÃO'!$AK$1:$AK$1048566,"0") -> 0 | E43: =('[1]ESCALA DE PRODUÇÃO'!N38) -> 0 | F43: =IFERROR(C43/E43,"0") -> 0 | G43: =_xlfn.XLOOKUP(A43,'[1]ESCALA DE PRODUÇÃO'!$AL$1:$AL$1048566,'[1]ESCALA DE PRODUÇÃO'!$AM$1:$AM$1048566,"SEM PREÇO") -> SEM PREÇO | H43: =IFERROR(C43*G43,"0") -> 0 | I43: =_xlfn.XLOOKUP(A43,'DADOS DE VENDA'!M:M,'DADOS DE VENDA'!P:P,"SEM VENDA") -> SEM VENDA | J43: =IFERROR(I43/E43,"0") -> 0 | K43: =IFERROR(I43*G43,"0") -> 0 | L43: =_xlfn.XLOOKUP(A43,'DADOS DE VENDA'!A:A,'DADOS DE VENDA'!E:E,"RUPTURA NO PERIODO") -> RUPTURA NO PERIODO | M43: {=_xlfn.IFS(C43<I43,"ABAIXO",C43>I43,"ACIMA",C43=I43,"OK")} -> ABAIXO | P43: =('[1]ESCALA DE PRODUÇÃO'!Q38) -> 0 | Q43: =_xlfn.XLOOKUP(P43,'[1]ESCALA DE PRODUÇÃO'!$AL$1:$AL$1048566,'[1]ESCALA DE PRODUÇÃO'!$AJ$1:$AJ$1048566,"NÃO ENCOTRADO") -> NÃO ENCOTRADO | R43: =C43 -> 0 | S43: =F43 -> 0
A44: =('[1]ESCALA DE PRODUÇÃO'!L39) -> 0 | B44: =_xlfn.XLOOKUP(A44,'[1]ESCALA DE PRODUÇÃO'!$AL$1:$AL$1048566,'[1]ESCALA DE PRODUÇÃO'!$AJ$1:$AJ$1048566,"NÃO ENCOTRADO") -> NÃO ENCOTRADO | C44: 7 | D44: =_xlfn.XLOOKUP(A44,'[1]ESCALA DE PRODUÇÃO'!$AL$1:$AL$1048566,'[1]ESCALA DE PRODUÇÃO'!$AK$1:$AK$1048566,"0") -> 0 | E44: =('[1]ESCALA DE PRODUÇÃO'!N39) -> 0 | F44: =IFERROR(C44/E44,"0") -> 0 | G44: =_xlfn.XLOOKUP(A44,'[1]ESCALA DE PRODUÇÃO'!$AL$1:$AL$1048566,'[1]ESCALA DE PRODUÇÃO'!$AM$1:$AM$1048566,"SEM PREÇO") -> SEM PREÇO | H44: =IFERROR(C44*G44,"0") -> 0 | I44: =_xlfn.XLOOKUP(A44,'DADOS DE VENDA'!M:M,'DADOS DE VENDA'!P:P,"SEM VENDA") -> SEM VENDA | J44: =IFERROR(I44/E44,"0") -> 0 | K44: =IFERROR(I44*G44,"0") -> 0 | L44: =_xlfn.XLOOKUP(A44,'DADOS DE VENDA'!A:A,'DADOS DE VENDA'!E:E,"RUPTURA NO PERIODO") -> RUPTURA NO PERIODO | M44: {=_xlfn.IFS(C44<I44,"ABAIXO",C44>I44,"ACIMA",C44=I44,"OK")} -> ABAIXO | P44: =('[1]ESCALA DE PRODUÇÃO'!Q39) -> 0 | Q44: =_xlfn.XLOOKUP(P44,'[1]ESCALA DE PRODUÇÃO'!$AL$1:$AL$1048566,'[1]ESCALA DE PRODUÇÃO'!$AJ$1:$AJ$1048566,"NÃO ENCOTRADO") -> NÃO ENCOTRADO | R44: =C44 -> 7 | S44: =F44 -> 0
B45: VALORES | C45: META | F45: PEDIDO | G45: =SUM(H34,H35,H36,H38,H39,H40,H42,H43,H44) -> 358.5 | I45: =_xlfn.XLOOKUP(A45,'DADOS DE VENDA'!M:M,'DADOS DE VENDA'!P:P,"SEM VENDA") -> 0 | J45: =SUM(K34,K35,K36,K38,K39,K40,K42,K43,K44) -> 176.3 | P45: TOTAL | R45: =G45 -> 358.5
A48: QUARTA (LOJA 1 DESCONTÃO-ROTISSERIA) | I48: SUJESTÃO DE PEDIDO | P48: =P31 -> QUARTA (LOJA 1 DESCONTÃO-ROTISSERIA) | R48: DATA | S48: =S31 -> 46049
A49: MASSAS/MOLHOS/GELEIAS | C49: PEDIDO | D49: INFORMAÇÕES DO PEDIDO | I49: INFORMAÇÕES SUGESTÃO DE PEDIDO | P49: MASSAS/MOLHOS/GELEIAS | R49: INFORMAÇÕES DO PEDIDO
A50: COD | B50: MASSAS | C50: QTD | D50: KG/UN | E50: P.PADRÃO | F50: Q.PCT | G50: PREÇO | H50: TOTAL | I50: VENDA QTD | J50: EM PCT | K50: EM VALORES | L50: PERIODO BASE | M50: STATUS | P50: COD | Q50: MASSAS | R50: QTD | S50: Q.PCT
A51: =('[1]ESCALA DE PRODUÇÃO'!L41) -> 8400 | B51: =_xlfn.XLOOKUP(A51,'[1]ESCALA DE PRODUÇÃO'!$AL$1:$AL$1048566,'[1]ESCALA DE PRODUÇÃO'!$AJ$1:$AJ$1048566,"NÃO ENCOTRADO") -> 008400 - ROTISSERIA LASANHA A BOLONHESA BENDITO KG | C51: 1 | D51: =_xlfn.XLOOKUP(A51,'[1]ESCALA DE PRODUÇÃO'!$AL$1:$AL$1048566,'[1]ESCALA DE PRODUÇÃO'!$AK$1:$AK$1048566,"0") -> KG/0001 | E51: =('[1]ESCALA DE PRODUÇÃO'!N41) -> 0.4 | F51: =IFERROR(C51/E51,"0") -> 2.5 | G51: =_xlfn.XLOOKUP(A51,'[1]ESCALA DE PRODUÇÃO'!$AL$1:$AL$1048566,'[1]ESCALA DE PRODUÇÃO'!$AM$1:$AM$1048566,"SEM PREÇO") -> 56.9 | H51: =IFERROR(C51*G51,"0") -> 56.9 | I51: =_xlfn.XLOOKUP(A51,'DADOS DE VENDA'!M:M,'DADOS DE VENDA'!P:P,"SEM VENDA") -> 2.55 | J51: =IFERROR(I51/E51,"0") -> 6.375 | K51: =IFERROR(I51*G51,"0") -> 145.095 | L51: =_xlfn.XLOOKUP(A51,'DADOS DE VENDA'!A:A,'DADOS DE VENDA'!E:E,"RUPTURA NO PERIODO") -> RUPTURA NO PERIODO | M51: {=_xlfn.IFS(C51<I51,"ABAIXO",C51>I51,"ACIMA",C51=I51,"OK")} -> ABAIXO | P51: =('[1]ESCALA DE PRODUÇÃO'!Q41) -> 8571 | Q51: =_xlfn.XLOOKUP(P51,'[1]ESCALA DE PRODUÇÃO'!$AL$1:$AL$1048566,'[1]ESCALA DE PRODUÇÃO'!$AJ$1:$AJ$1048566,"NÃO ENCOTRADO") -> 008571 - ROTISSERIA POLENTA AO MOLHO CARNE MOIDA BENDITO KG | R51: =C51 -> 1 | S51: =(F51) -> 2.5
A52: =('[1]ESCALA DE PRODUÇÃO'!L42) -> 8316 | B52: =_xlfn.XLOOKUP(A52,'[1]ESCALA DE PRODUÇÃO'!$AL$1:$AL$1048566,'[1]ESCALA DE PRODUÇÃO'!$AJ$1:$AJ$1048566,"NÃO ENCOTRADO") -> 008316 - ROTISSERIA ESCONDIDINHO FRANGO BENDITO KG | C52: 1.5 | D52: =_xlfn.XLOOKUP(A52,'[1]ESCALA DE PRODUÇÃO'!$AL$1:$AL$1048566,'[1]ESCALA DE PRODUÇÃO'!$AK$1:$AK$1048566,"0") -> KG/0001 | E52: =('[1]ESCALA DE PRODUÇÃO'!N42) -> 0.4 | F52: =IFERROR(C52/E52,"0") -> 3.75 | G52: =_xlfn.XLOOKUP(A52,'[1]ESCALA DE PRODUÇÃO'!$AL$1:$AL$1048566,'[1]ESCALA DE PRODUÇÃO'!$AM$1:$AM$1048566,"SEM PREÇO") -> 57.9 | H52: =IFERROR(C52*G52,"0") -> 86.85 | I52: =_xlfn.XLOOKUP(A52,'DADOS DE VENDA'!M:M,'DADOS DE VENDA'!P:P,"SEM VENDA") -> SEM VENDA | J52: =IFERROR(I52/E52,"0") -> 0 | K52: =IFERROR(I52*G52,"0") -> 0 | L52: =_xlfn.XLOOKUP(A52,'DADOS DE VENDA'!A:A,'DADOS DE VENDA'!E:E,"RUPTURA NO PERIODO") -> RUPTURA NO PERIODO | M52: {=_xlfn.IFS(C52<I52,"ABAIXO",C52>I52,"ACIMA",C52=I52,"OK")} -> ABAIXO | P52: =('[1]ESCALA DE PRODUÇÃO'!Q42) -> 6878 | Q52: =_xlfn.XLOOKUP(P52,'[1]ESCALA DE PRODUÇÃO'!$AL$1:$AL$1048566,'[1]ESCALA DE PRODUÇÃO'!$AJ$1:$AJ$1048566,"NÃO ENCOTRADO") -> 006878 - ROT REFRIGERADO PANQUECA FRANGO C/CATUPIRY KG | R52: =C52 -> 1.5 | S52: =(F52) -> 3.75
A53: =('[1]ESCALA DE PRODUÇÃO'!L43) -> 0 | B53: =_xlfn.XLOOKUP(A53,'[1]ESCALA DE PRODUÇÃO'!$AL$1:$AL$1048566,'[1]ESCALA DE PRODUÇÃO'!$AJ$1:$AJ$1048566,"NÃO ENCOTRADO") -> NÃO ENCOTRADO | C53: 0 | D53: =_xlfn.XLOOKUP(A53,'[1]ESCALA DE PRODUÇÃO'!$AL$1:$AL$1048566,'[1]ESCALA DE PRODUÇÃO'!$AK$1:$AK$1048566,"0") -> 0 | E53: =('[1]ESCALA DE PRODUÇÃO'!N43) -> 0 | F53: =IFERROR(C53/E53,"0") -> 0 | G53: =_xlfn.XLOOKUP(A53,'[1]ESCALA DE PRODUÇÃO'!$AL$1:$AL$1048566,'[1]ESCALA DE PRODUÇÃO'!$AM$1:$AM$1048566,"SEM PREÇO") -> SEM PREÇO | H53: =IFERROR(C53*G53,"0") -> 0 | I53: =_xlfn.XLOOKUP(A53,'DADOS DE VENDA'!M:M,'DADOS DE VENDA'!P:P,"SEM VENDA") -> SEM VENDA | J53: =IFERROR(I53/E53,"0") -> 0 | K53: =IFERROR(I53*G53,"0") -> 0 | L53: =_xlfn.XLOOKUP(A53,'DADOS DE VENDA'!A:A,'DADOS DE VENDA'!E:E,"RUPTURA NO PERIODO") -> RUPTURA NO PERIODO | M53: {=_xlfn.IFS(C53<I53,"ABAIXO",C53>I53,"ACIMA",C53=I53,"OK")} -> ABAIXO | P53: =('[1]ESCALA DE PRODUÇÃO'!Q43) -> 0 | Q53: =_xlfn.XLOOKUP(P53,'[1]ESCALA DE PRODUÇÃO'!$AL$1:$AL$1048566,'[1]ESCALA DE PRODUÇÃO'!$AJ$1:$AJ$1048566,"NÃO ENCOTRADO") -> NÃO ENCOTRADO | R53: =C53 -> 0 | S53: =(F53) -> 0
A54: =('[1]ESCALA DE PRODUÇÃO'!L44) -> 6960 | B54: =_xlfn.XLOOKUP(A54,'[1]ESCALA DE PRODUÇÃO'!$AL$1:$AL$1048566,'[1]ESCALA DE PRODUÇÃO'!$AJ$1:$AJ$1048566,"NÃO ENCOTRADO") -> 006960 - ROTISSERIA NHOQUE AO MOLHO SUGO KG | C54: 0 | D54: =_xlfn.XLOOKUP(A54,'[1]ESCALA DE PRODUÇÃO'!$AL$1:$AL$1048566,'[1]ESCALA DE PRODUÇÃO'!$AK$1:$AK$1048566,"0") -> KG/0001 | E54: =('[1]ESCALA DE PRODUÇÃO'!N44) -> 0.4 | F54: =IFERROR(C54/E54,"0") -> 0 | G54: =_xlfn.XLOOKUP(A54,'[1]ESCALA DE PRODUÇÃO'!$AL$1:$AL$1048566,'[1]ESCALA DE PRODUÇÃO'!$AM$1:$AM$1048566,"SEM PREÇO") -> 39.9 | H54: =IFERROR(C54*G54,"0") -> 0 | I54: =_xlfn.XLOOKUP(A54,'DADOS DE VENDA'!M:M,'DADOS DE VENDA'!P:P,"SEM VENDA") -> SEM VENDA | J54: =IFERROR(I54/E54,"0") -> 0 | K54: =IFERROR(I54*G54,"0") -> 0 | L54: =_xlfn.XLOOKUP(A54,'DADOS DE VENDA'!A:A,'DADOS DE VENDA'!E:E,"RUPTURA NO PERIODO") -> RUPTURA NO PERIODO | M54: {=_xlfn.IFS(C54<I54,"ABAIXO",C54>I54,"ACIMA",C54=I54,"OK")} -> ABAIXO | P54: =('[1]ESCALA DE PRODUÇÃO'!Q44) -> 8333 | Q54: =_xlfn.XLOOKUP(P54,'[1]ESCALA DE PRODUÇÃO'!$AL$1:$AL$1048566,'[1]ESCALA DE PRODUÇÃO'!$AJ$1:$AJ$1048566,"NÃO ENCOTRADO") -> 008333 - ROTISSERIA BATATA/RECHEADA BROCOLIS E BACON | R54: =C54 -> 0 | S54: =(F54) -> 0
A55: COD | B55: MASSAS | C55: QTD | D55: KG/UN | E55: P.PADRÃO | F55: Q.PCT | G55: PREÇO | H55: TOTAL | I55: VENDA QTD | J55: EM PCT | K55: EM VALORES | L55: PERIODO BASE | M55: STATUS | P55: COD | Q55: MASSAS | R55: QTD | S55: Q.PCT
A56: =('[1]ESCALA DE PRODUÇÃO'!L45) -> 0 | B56: =_xlfn.XLOOKUP(A56,'[1]ESCALA DE PRODUÇÃO'!$AL$1:$AL$1048566,'[1]ESCALA DE PRODUÇÃO'!$AJ$1:$AJ$1048566,"NÃO ENCOTRADO") -> NÃO ENCOTRADO | C56: 0 | D56: =_xlfn.XLOOKUP(A56,'[1]ESCALA DE PRODUÇÃO'!$AL$1:$AL$1048566,'[1]ESCALA DE PRODUÇÃO'!$AK$1:$AK$1048566,"0") -> 0 | E56: =('[1]ESCALA DE PRODUÇÃO'!N46) -> 0.15 | F56: =IFERROR(C56/E56,"0") -> 0 | G56: =_xlfn.XLOOKUP(A56,'[1]ESCALA DE PRODUÇÃO'!$AL$1:$AL$1048566,'[1]ESCALA DE PRODUÇÃO'!$AM$1:$AM$1048566,"SEM PREÇO") -> SEM PREÇO | H56: =IFERROR(C56*G56,"0") -> 0 | I56: =_xlfn.XLOOKUP(A56,'DADOS DE VENDA'!M:M,'DADOS DE VENDA'!P:P,"SEM VENDA") -> SEM VENDA | J56: =IFERROR(I56/E56,"0") -> 0 | K56: =IFERROR(I56*G56,"0") -> 0 | L56: =_xlfn.XLOOKUP(A56,'DADOS DE VENDA'!A:A,'DADOS DE VENDA'!E:E,"RUPTURA NO PERIODO") -> RUPTURA NO PERIODO | M56: {=_xlfn.IFS(C56<I56,"ABAIXO",C56>I56,"ACIMA",C56=I56,"OK")} -> ABAIXO | P56: =('[1]ESCALA DE PRODUÇÃO'!Q46) -> 7570 | Q56: =_xlfn.XLOOKUP(P56,'[1]ESCALA DE PRODUÇÃO'!$AL$1:$AL$1048566,'[1]ESCALA DE PRODUÇÃO'!$AJ$1:$AJ$1048566,"NÃO ENCOTRADO") -> 007570 - MOLHO PESTO BENDITO KG | R56: =C56 -> 0 | S56: =F56 -> 0
A57: =('[1]ESCALA DE PRODUÇÃO'!L46) -> 7575 | B57: =_xlfn.XLOOKUP(A57,'[1]ESCALA DE PRODUÇÃO'!$AL$1:$AL$1048566,'[1]ESCALA DE PRODUÇÃO'!$AJ$1:$AJ$1048566,"NÃO ENCOTRADO") -> 007575 - PATE DE AZEITONA VERDE BENDITO KG | C57: 0 | D57: =_xlfn.XLOOKUP(A57,'[1]ESCALA DE PRODUÇÃO'!$AL$1:$AL$1048566,'[1]ESCALA DE PRODUÇÃO'!$AK$1:$AK$1048566,"0") -> KG/0001 | E57: =('[1]ESCALA DE PRODUÇÃO'!N47) -> 0.15 | F57: =IFERROR(C57/E57,"0") -> 0 | G57: =_xlfn.XLOOKUP(A57,'[1]ESCALA DE PRODUÇÃO'!$AL$1:$AL$1048566,'[1]ESCALA DE PRODUÇÃO'!$AM$1:$AM$1048566,"SEM PREÇO") -> 79.9 | H57: =IFERROR(C57*G57,"0") -> 0 | I57: =_xlfn.XLOOKUP(A57,'DADOS DE VENDA'!M:M,'DADOS DE VENDA'!P:P,"SEM VENDA") -> SEM VENDA | J57: =IFERROR(I57/E57,"0") -> 0 | K57: =IFERROR(I57*G57,"0") -> 0 | L57: =_xlfn.XLOOKUP(A57,'DADOS DE VENDA'!A:A,'DADOS DE VENDA'!E:E,"RUPTURA NO PERIODO") -> RUPTURA NO PERIODO | M57: {=_xlfn.IFS(C57<I57,"ABAIXO",C57>I57,"ACIMA",C57=I57,"OK")} -> ABAIXO | P57: =('[1]ESCALA DE PRODUÇÃO'!Q47) -> 0 | Q57: =_xlfn.XLOOKUP(P57,'[1]ESCALA DE PRODUÇÃO'!$AL$1:$AL$1048566,'[1]ESCALA DE PRODUÇÃO'!$AJ$1:$AJ$1048566,"NÃO ENCOTRADO") -> NÃO ENCOTRADO | R57: =C57 -> 0 | S57: =F57 -> 0
A58: =('[1]ESCALA DE PRODUÇÃO'!L47) -> 7576 | B58: =_xlfn.XLOOKUP(A58,'[1]ESCALA DE PRODUÇÃO'!$AL$1:$AL$1048566,'[1]ESCALA DE PRODUÇÃO'!$AJ$1:$AJ$1048566,"NÃO ENCOTRADO") -> 007576 - PATE DE GORGONZOLA BENDITO KG | C58: 0 | D58: =_xlfn.XLOOKUP(A58,'[1]ESCALA DE PRODUÇÃO'!$AL$1:$AL$1048566,'[1]ESCALA DE PRODUÇÃO'!$AK$1:$AK$1048566,"0") -> KG/0001 | E58: =('[1]ESCALA DE PRODUÇÃO'!N48) -> 0.15 | F58: =IFERROR(C58/E58,"0") -> 0 | G58: =_xlfn.XLOOKUP(A58,'[1]ESCALA DE PRODUÇÃO'!$AL$1:$AL$1048566,'[1]ESCALA DE PRODUÇÃO'!$AM$1:$AM$1048566,"SEM PREÇO") -> 79.9 | H58: =IFERROR(C58*G58,"0") -> 0 | I58: =_xlfn.XLOOKUP(A58,'DADOS DE VENDA'!M:M,'DADOS DE VENDA'!P:P,"SEM VENDA") -> SEM VENDA | J58: =IFERROR(I58/E58,"0") -> 0 | K58: =IFERROR(I58*G58,"0") -> 0 | L58: =_xlfn.XLOOKUP(A58,'DADOS DE VENDA'!A:A,'DADOS DE VENDA'!E:E,"RUPTURA NO PERIODO") -> RUPTURA NO PERIODO | M58: {=_xlfn.IFS(C58<I58,"ABAIXO",C58>I58,"ACIMA",C58=I58,"OK")} -> ABAIXO | P58: =('[1]ESCALA DE PRODUÇÃO'!Q48) -> 0 | Q58: =_xlfn.XLOOKUP(P58,'[1]ESCALA DE PRODUÇÃO'!$AL$1:$AL$1048566,'[1]ESCALA DE PRODUÇÃO'!$AJ$1:$AJ$1048566,"NÃO ENCOTRADO") -> NÃO ENCOTRADO | R58: =C58 -> 0 | S58: =F58 -> 0
A59: =('[1]ESCALA DE PRODUÇÃO'!L48) -> 8079 | B59: =_xlfn.XLOOKUP(A59,'[1]ESCALA DE PRODUÇÃO'!$AL$1:$AL$1048566,'[1]ESCALA DE PRODUÇÃO'!$AJ$1:$AJ$1048566,"NÃO ENCOTRADO") -> 008079 - PATE DE NOZES BENDITO KG | C59: 0 | D59: =_xlfn.XLOOKUP(A59,'[1]ESCALA DE PRODUÇÃO'!$AL$1:$AL$1048566,'[1]ESCALA DE PRODUÇÃO'!$AK$1:$AK$1048566,"0") -> KG/0001 | E59: =('[1]ESCALA DE PRODUÇÃO'!N49) -> 0.15 | F59: =IFERROR(C59/E59,"0") -> 0 | G59: =_xlfn.XLOOKUP(A59,'[1]ESCALA DE PRODUÇÃO'!$AL$1:$AL$1048566,'[1]ESCALA DE PRODUÇÃO'!$AM$1:$AM$1048566,"SEM PREÇO") -> 99.9 | H59: =IFERROR(C59*G59,"0") -> 0 | I59: =_xlfn.XLOOKUP(A59,'DADOS DE VENDA'!M:M,'DADOS DE VENDA'!P:P,"SEM VENDA") -> SEM VENDA | J59: =IFERROR(I59/E59,"0") -> 0 | K59: =IFERROR(I59*G59,"0") -> 0 | L59: =_xlfn.XLOOKUP(A59,'DADOS DE VENDA'!A:A,'DADOS DE VENDA'!E:E,"RUPTURA NO PERIODO") -> RUPTURA NO PERIODO | M59: {=_xlfn.IFS(C59<I59,"ABAIXO",C59>I59,"ACIMA",C59=I59,"OK")} -> ABAIXO | P59: =('[1]ESCALA DE PRODUÇÃO'!Q49) -> 0 | Q59: =_xlfn.XLOOKUP(P59,'[1]ESCALA DE PRODUÇÃO'!$AL$1:$AL$1048566,'[1]ESCALA DE PRODUÇÃO'!$AJ$1:$AJ$1048566,"NÃO ENCOTRADO") -> NÃO ENCOTRADO | R59: =C59 -> 0 | S59: =F59 -> 0
B60: VALORES | C60: META | F60: PEDIDO | G60: =SUM(H51,H52,H53,H54,H56,H57,H58) -> 143.75 | I60: =_xlfn.XLOOKUP(A60,'DADOS DE VENDA'!M:M,'DADOS DE VENDA'!P:P,"SEM VENDA") -> 0 | J60: =SUM(K51,K52,K53,K54,K56,K57,K58,K59) -> 145.095 | P60: TOTAL | R60: =G60 -> 143.75
P63: TOTAL ROTISSERIA | R63: =SUM(R28,R45,R60) -> 1941.6

Sheet QUINTA
A1: QUINTA (LOJA 1 DESCONTÃO-PRODUÇÃO PADARIA) | I1: SUJESTÃO DE PEDIDO | P1: QUINTA (LOJA 1 DESCONTÃO-ROTISSERIA) | R1: DATA | S1: 46044
A2: DESCRIÇÃO PRODUTO | C2: PEDIDO | D2: INFORMAÇÕES DO PEDIDO | I2: INFORMAÇÕES SUGESTÃO DE PEDIDO | P2: ALMOÇO | R2: INFORMAÇÕES DO PEDIDO
A3: COD | B3: MARMITA 3 DIVISORIAS | C3: QTD | D3: KG/UN | E3: P.PADRÃO | F3: Q.PCT | G3: PREÇO | H3: TOTAL | I3: VENDA QTD | J3: EM PCT | K3: EM VALORES | L3: PERIODO BASE | M3: STATUS | P3: COD | Q3: MARMITA 3 DIVISORIAS | R3: QTD | S3: Q.PCT
A4: 7625 | B4: =_xlfn.XLOOKUP(A4,'[1]ESCALA DE PRODUÇÃO'!$AL$1:$AL$1048566,'[1]ESCALA DE PRODUÇÃO'!$AJ$1:$AJ$1048566,"NÃO ENCOTRADO") -> 007625 - REFEICAO CARNE PANELA BENDITO UN | C4: 8 | D4: =_xlfn.XLOOKUP(A4,'[1]ESCALA DE PRODUÇÃO'!$AL$1:$AL$1048566,'[1]ESCALA DE PRODUÇÃO'!$AK$1:$AK$1048566,"0") -> UN/0001 | E4: =('[1]ESCALA DE PRODUÇÃO'!S3) -> 1 | F4: =IFERROR(C4/E4,"0") -> 8 | G4: =_xlfn.XLOOKUP(A4,'[1]ESCALA DE PRODUÇÃO'!$AL$1:$AL$1048566,'[1]ESCALA DE PRODUÇÃO'!$AM$1:$AM$1048566,"SEM PREÇO") -> 24.9 | H4: =IFERROR(C4*G4,"0") -> 199.2 | I4: =_xlfn.XLOOKUP(A4,'DADOS DE VENDA'!S:S,'DADOS DE VENDA'!V:V,"SEM VENDA") -> 8 | J4: =IFERROR(I4/E4,"0") -> 8 | K4: =IFERROR(I4*G4,"0") -> 199.2 | L4: =_xlfn.XLOOKUP(A4,'DADOS DE VENDA'!S:S,'DADOS DE VENDA'!W:W,"RUPTURA NO PERIODO") -> 15/01 a 016/01 | M4: {=_xlfn.IFS(C4<I4,"ABAIXO",C4>I4,"ACIMA",C4=I4,"OK")} -> OK | P4: =(A4) -> 7625 | Q4: =_xlfn.XLOOKUP(P4,'[1]ESCALA DE PRODUÇÃO'!$AL$1:$AL$1048566,'[1]ESCALA DE PRODUÇÃO'!$AJ$1:$AJ$1048566,"NÃO ENCOTRADO") -> 007625 - REFEICAO CARNE PANELA BENDITO UN | R4: =C4 -> 8 | S4: =(F4) -> 8
A5: 7796 | B5: =_xlfn.XLOOKUP(A5,'[1]ESCALA DE PRODUÇÃO'!$AL$1:$AL$1048566,'[1]ESCALA DE PRODUÇÃO'!$AJ$1:$AJ$1048566,"NÃO ENCOTRADO") -> 007796 - REFEICAO MEDALHAO FRANGO BENDITO UN | C5: 13 | D5: =_xlfn.XLOOKUP(A5,'[1]ESCALA DE PRODUÇÃO'!$AL$1:$AL$1048566,'[1]ESCALA DE PRODUÇÃO'!$AK$1:$AK$1048566,"0") -> UN/0001 | E5: =('[1]ESCALA DE PRODUÇÃO'!S4) -> 1 | F5: =IFERROR(C5/E5,"0") -> 13 | G5: =_xlfn.XLOOKUP(A5,'[1]ESCALA DE PRODUÇÃO'!$AL$1:$AL$1048566,'[1]ESCALA DE PRODUÇÃO'!$AM$1:$AM$1048566,"SEM PREÇO") -> 23.9 | H5: =IFERROR(C5*G5,"0") -> 310.7 | I5: =_xlfn.XLOOKUP(A5,'DADOS DE VENDA'!S:S,'DADOS DE VENDA'!V:V,"SEM VENDA") -> 13 | J5: =IFERROR(I5/E5,"0") -> 13 | K5: =IFERROR(I5*G5,"0") -> 310.7 | L5: =_xlfn.XLOOKUP(A5,'DADOS DE VENDA'!S:S,'DADOS DE VENDA'!W:W,"RUPTURA NO PERIODO") -> 15/01 a 016/01 | M5: {=_xlfn.IFS(C5<I5,"ABAIXO",C5>I5,"ACIMA",C5=I5,"OK")} -> OK | P5: =(A5) -> 7796 | Q5: =_xlfn.XLOOKUP(P5,'[1]ESCALA DE PRODUÇÃO'!$AL$1:$AL$1048566,'[1]ESCALA DE PRODUÇÃO'!$AJ$1:$AJ$1048566,"NÃO ENCOTRADO") -> 007796 - REFEICAO MEDALHAO FRANGO BENDITO UN | R5: =C5 -> 13 | S5: =(F5) -> 13
A6: =('[1]ESCALA DE PRODUÇÃO'!Q5) -> 0 | B6: =_xlfn.XLOOKUP(A6,'[1]ESCALA DE PRODUÇÃO'!$AL$1:$AL$1048566,'[1]ESCALA DE PRODUÇÃO'!$AJ$1:$AJ$1048566,"NÃO ENCOTRADO") -> NÃO ENCOTRADO | C6: 0 | D6: =_xlfn.XLOOKUP(A6,'[1]ESCALA DE PRODUÇÃO'!$AL$1:$AL$1048566,'[1]ESCALA DE PRODUÇÃO'!$AK$1:$AK$1048566,"0") -> 0 | E6: =('[1]ESCALA DE PRODUÇÃO'!S5) -> 1 | F6: =IFERROR(C6/E6,"0") -> 0 | G6: =_xlfn.XLOOKUP(A6,'[1]ESCALA DE PRODUÇÃO'!$AL$1:$AL$1048566,'[1]ESCALA DE PRODUÇÃO'!$AM$1:$AM$1048566,"SEM PREÇO") -> SEM PREÇO | H6: =IFERROR(C6*G6,"0") -> 0 | I6: =_xlfn.XLOOKUP(A6,'DADOS DE VENDA'!S:S,'DADOS DE VENDA'!V:V,"SEM VENDA") -> SEM VENDA | J6: =IFERROR(I6/E6,"0") -> 0 | K6: =IFERROR(I6*G6,"0") -> 0 | L6: =_xlfn.XLOOKUP(A6,'DADOS DE VENDA'!S:S,'DADOS DE VENDA'!W:W,"RUPTURA NO PERIODO") -> RUPTURA NO PERIODO | M6: {=_xlfn.IFS(C6<I6,"ABAIXO",C6>I6,"ACIMA",C6=I6,"OK")} -> ABAIXO | P6: =(A6) -> 0 | Q6: =_xlfn.XLOOKUP(P6,'[1]ESCALA DE PRODUÇÃO'!$AL$1:$AL$1048566,'[1]ESCALA DE PRODUÇÃO'!$AJ$1:$AJ$1048566,"NÃO ENCOTRADO") -> NÃO ENCOTRADO | R6: =C6 -> 0 | S6: =(F6) -> 0
A7: COD | B7: MACARRÃO | C7: QTD | D7: KG/UN | E7: P.PADRÃO | F7: Q.PCT | G7: PREÇO | H7: TOTAL | I7: VENDA QTD | J7: EM PCT | K7: EM VALORES | L7: PERIODO BASE | M7: STATUS | P7: COD | Q7: MACARRÃO | R7: QTD | S7: Q.PCT
A8: =('[1]ESCALA DE PRODUÇÃO'!Q7) -> 8480 | B8: =_xlfn.XLOOKUP(A8,'[1]ESCALA DE PRODUÇÃO'!$AL$1:$AL$1048566,'[1]ESCALA DE PRODUÇÃO'!$AJ$1:$AJ$1048566,"NÃO ENCOTRADO") -> 008480 - ROTISSERIA MACARRONADA A BOLONHESA BENDITO KG | C8: 4 | D8: =_xlfn.XLOOKUP(A8,'[1]ESCALA DE PRODUÇÃO'!$AL$1:$AL$1048566,'[1]ESCALA DE PRODUÇÃO'!$AK$1:$AK$1048566,"0") -> KG/0001 | E8: =('[1]ESCALA DE PRODUÇÃO'!S7) -> 0.35 | F8: =IFERROR(C8/E8,"0") -> 11.428571 | G8: =_xlfn.XLOOKUP(A8,'[1]ESCALA DE PRODUÇÃO'!$AL$1:$AL$1048566,'[1]ESCALA DE PRODUÇÃO'!$AM$1:$AM$1048566,"SEM PREÇO") -> 39.9 | H8: =IFERROR(C8*G8,"0") -> 159.6 | I8: =_xlfn.XLOOKUP(A8,'DADOS DE VENDA'!S:S,'DADOS DE VENDA'!V:V,"SEM VENDA") -> 4.68 | J8: =IFERROR(I8/E8,"0") -> 13.371429 | K8: =IFERROR(I8*G8,"0") -> 186.732 | L8: =_xlfn.XLOOKUP(A8,'DADOS DE VENDA'!S:S,'DADOS DE VENDA'!W:W,"RUPTURA NO PERIODO") -> 15/01 a 016/01 | M8: {=_xlfn.IFS(C8<I8,"ABAIXO",C8>I8,"ACIMA",C8=I8,"OK")} -> ABAIXO | P8: =(A8) -> 8480 | Q8: =_xlfn.XLOOKUP(P8,'[1]ESCALA DE PRODUÇÃO'!$AL$1:$AL$1048566,'[1]ESCALA DE PRODUÇÃO'!$AJ$1:$AJ$1048566,"NÃO ENCOTRADO") -> 008480 - ROTISSERIA MACARRONADA A BOLONHESA BENDITO KG | R8: =C8 -> 4 | S8: =(F8) -> 11.428571
A9: =('[1]ESCALA DE PRODUÇÃO'!Q8) -> 8321 | B9: =_xlfn.XLOOKUP(A9,'[1]ESCALA DE PRODUÇÃO'!$AL$1:$AL$1048566,'[1]ESCALA DE PRODUÇÃO'!$AJ$1:$AJ$1048566,"NÃO ENCOTRADO") -> 008321 - ROT.ESPAGUETE A BOLONHESA + POLPETONE RECHEADO BENDITO | C9: 4 | D9: =_xlfn.XLOOKUP(A9,'[1]ESCALA DE PRODUÇÃO'!$AL$1:$AL$1048566,'[1]ESCALA DE PRODUÇÃO'!$AK$1:$AK$1048566,"0") -> UN/0001 | E9: =('[1]ESCALA DE PRODUÇÃO'!S8) -> 1 | F9: =IFERROR(C9/E9,"0") -> 4 | G9: =_xlfn.XLOOKUP(A9,'[1]ESCALA DE PRODUÇÃO'!$AL$1:$AL$1048566,'[1]ESCALA DE PRODUÇÃO'!$AM$1:$AM$1048566,"SEM PREÇO") -> 25.9 | H9: =IFERROR(C9*G9,"0") -> 103.6 | I9: =_xlfn.XLOOKUP(A9,'DADOS DE VENDA'!S:S,'DADOS DE VENDA'!V:V,"SEM VENDA") -> 7 | J9: =IFERROR(I9/E9,"0") -> 7 | K9: =IFERROR(I9*G9,"0") -> 181.3 | L9: =_xlfn.XLOOKUP(A9,'DADOS DE VENDA'!S:S,'DADOS DE VENDA'!W:W,"RUPTURA NO PERIODO") -> 15/01 a 016/01 | M9: {=_xlfn.IFS(C9<I9,"ABAIXO",C9>I9,"ACIMA",C9=I9,"OK")} -> ABAIXO | P9: =(A9) -> 8321 | Q9: =_xlfn.XLOOKUP(P9,'[1]ESCALA DE PRODUÇÃO'!$AL$1:$AL$1048566,'[1]ESCALA DE PRODUÇÃO'!$AJ$1:$AJ$1048566,"NÃO ENCOTRADO") -> 008321 - ROT.ESPAGUETE A BOLONHESA + POLPETONE RECHEADO BENDITO | R9: =C9 -> 4 | S9: =(F9) -> 4
A10: =('[1]ESCALA DE PRODUÇÃO'!Q9) -> 0 | B10: =_xlfn.XLOOKUP(A10,'[1]ESCALA DE PRODUÇÃO'!$AL$1:$AL$1048566,'[1]ESCALA DE PRODUÇÃO'!$AJ$1:$AJ$1048566,"NÃO ENCOTRADO") -> NÃO ENCOTRADO | C10: 0 | D10: =_xlfn.XLOOKUP(A10,'[1]ESCALA DE PRODUÇÃO'!$AL$1:$AL$1048566,'[1]ESCALA DE PRODUÇÃO'!$AK$1:$AK$1048566,"0") -> 0 | E10: =('[1]ESCALA DE PRODUÇÃO'!S9) -> 1 | F10: =IFERROR(C10/E10,"0") -> 0 | G10: =_xlfn.XLOOKUP(A10,'[1]ESCALA DE PRODUÇÃO'!$AL$1:$AL$1048566,'[1]ESCALA DE PRODUÇÃO'!$AM$1:$AM$1048566,"SEM PREÇO") -> SEM PREÇO | H10: =IFERROR(C10*G10,"0") -> 0 | I10: =_xlfn.XLOOKUP(A10,'DADOS DE VENDA'!S:S,'DADOS DE VENDA'!V:V,"SEM VENDA") -> SEM VENDA | J10: =IFERROR(I10/E10,"0") -> 0 | K10: =IFERROR(I10*G10,"0") -> 0 | L10: =_xlfn.XLOOKUP(A10,'DADOS DE VENDA'!S:S,'DADOS DE VENDA'!W:W,"RUPTURA NO PERIODO") -> RUPTURA NO PERIODO | M10: {=_xlfn.IFS(C10<I10,"ABAIXO",C10>I10,"ACIMA",C10=I10,"OK")} -> ABAIXO | P10: =(A10) -> 0 | Q10: =_xlfn.XLOOKUP(P10,'[1]ESCALA DE PRODUÇÃO'!$AL$1:$AL$1048566,'[1]ESCALA DE PRODUÇÃO'!$AJ$1:$AJ$1048566,"NÃO ENCOTRADO") -> NÃO ENCOTRADO | R10: =C10 -> 0 | S10: =(F10) -> 0
A11: COD | B11: MONO ARROZ | C11: QTD | D11: KG/UN | E11: P.PADRÃO | F11: Q.PCT | G11: PREÇO | H11: TOTAL | I11: VENDA QTD | J11: EM PCT | K11: EM VALORES | L11: PERIODO BASE | M11: STATUS | P11: COD | Q11: MONO ARROZ | R11: QTD | S11: Q.PCT
A12: =('[1]ESCALA DE PRODUÇÃO'!Q11) -> 8028 | B12: =_xlfn.XLOOKUP(A12,'[1]ESCALA DE PRODUÇÃO'!$AL$1:$AL$1048566,'[1]ESCALA DE PRODUÇÃO'!$AJ$1:$AJ$1048566,"NÃO ENCOTRADO") -> 008028 - ROTISSERIA ARROZ BRANCO BENDITO KG | C12: 1.5 | D12: =_xlfn.XLOOKUP(A12,'[1]ESCALA DE PRODUÇÃO'!$AL$1:$AL$1048566,'[1]ESCALA DE PRODUÇÃO'!$AK$1:$AK$1048566,"0") -> KG/0001 | E12: =('[1]ESCALA DE PRODUÇÃO'!S11) -> 0.15 | F12: =IFERROR(C12/E12,"0") -> 10 | G12: =_xlfn.XLOOKUP(A12,'[1]ESCALA DE PRODUÇÃO'!$AL$1:$AL$1048566,'[1]ESCALA DE PRODUÇÃO'!$AM$1:$AM$1048566,"SEM PREÇO") -> 28.9 | H12: =IFERROR(C12*G12,"0") -> 43.35 | I12: =_xlfn.XLOOKUP(A12,'DADOS DE VENDA'!S:S,'DADOS DE VENDA'!V:V,"SEM VENDA") -> 1.56 | J12: =IFERROR(I12/E12,"0") -> 10.4 | K12: =IFERROR(I12*G12,"0") -> 45.084 | L12: =_xlfn.XLOOKUP(A12,'DADOS DE VENDA'!S:S,'DADOS DE VENDA'!W:W,"RUPTURA NO PERIODO") -> 15/01 a 016/01 | M12: {=_xlfn.IFS(C12<I12,"ABAIXO",C12>I12,"ACIMA",C12=I12,"OK")} -> ABAIXO | P12: =(A12) -> 8028 | Q12: =_xlfn.XLOOKUP(P12,'[1]ESCALA DE PRODUÇÃO'!$AL$1:$AL$1048566,'[1]ESCALA DE PRODUÇÃO'!$AJ$1:$AJ$1048566,"NÃO ENCOTRADO") -> 008028 - ROTISSERIA ARROZ BRANCO BENDITO KG | R12: =C12 -> 1.5 | S12: =(F12) -> 10
A13: =('[1]ESCALA DE PRODUÇÃO'!Q12) -> 0 | B13: =_xlfn.XLOOKUP(A13,'[1]ESCALA DE PRODUÇÃO'!$AL$1:$AL$1048566,'[1]ESCALA DE PRODUÇÃO'!$AJ$1:$AJ$1048566,"NÃO ENCOTRADO") -> NÃO ENCOTRADO | C13: 0 | D13: =_xlfn.XLOOKUP(A13,'[1]ESCALA DE PRODUÇÃO'!$AL$1:$AL$1048566,'[1]ESCALA DE PRODUÇÃO'!$AK$1:$AK$1048566,"0") -> 0 | E13: =('[1]ESCALA DE PRODUÇÃO'!S12) -> 1 | F13: =IFERROR(C13/E13,"0") -> 0 | G13: =_xlfn.XLOOKUP(A13,'[1]ESCALA DE PRODUÇÃO'!$AL$1:$AL$1048566,'[1]ESCALA DE PRODUÇÃO'!$AM$1:$AM$1048566,"SEM PREÇO") -> SEM PREÇO | H13: =IFERROR(C13*G13,"0") -> 0 | I13: =_xlfn.XLOOKUP(A13,'DADOS DE VENDA'!S:S,'DADOS DE VENDA'!V:V,"SEM VENDA") -> SEM VENDA | J13: =IFERROR(I13/E13,"0") -> 0 | K13: =IFERROR(I13*G13,"0") -> 0 | L13: =_xlfn.XLOOKUP(A13,'DADOS DE VENDA'!S:S,'DADOS DE VENDA'!W:W,"RUPTURA NO PERIODO") -> RUPTURA NO PERIODO | M13: {=_xlfn.IFS(C13<I13,"ABAIXO",C13>I13,"ACIMA",C13=I13,"OK")} -> ABAIXO | P13: =(A13) -> 0 | Q13: =_xlfn.XLOOKUP(P13,'[1]ESCALA DE PRODUÇÃO'!$AL$1:$AL$1048566,'[1]ESCALA DE PRODUÇÃO'!$AJ$1:$AJ$1048566,"NÃO ENCOTRADO") -> NÃO ENCOTRADO | R13: =C13 -> 0 | S13: =(F13) -> 0
A14: COD | B14: MONO FEIJÃO | C14: QTD | D14: KG/UN | E14: P.PADRÃO | F14: Q.PCT | G14: PREÇO | H14: TOTAL | I14: VENDA QTD | J14: EM PCT | K14: EM VALORES | L14: PERIODO BASE | M14: STATUS | P14: COD | Q14: MONO FEIJÃO | R14: QTD | S14: Q.PCT
A15: =('[1]ESCALA DE PRODUÇÃO'!Q14) -> 8328 | B15: =_xlfn.XLOOKUP(A15,'[1]ESCALA DE PRODUÇÃO'!$AL$1:$AL$1048566,'[1]ESCALA DE PRODUÇÃO'!$AJ$1:$AJ$1048566,"NÃO ENCOTRADO") -> 008328 - ROTISSERIA FEIJAO BENDITO KG | C15: 1 | D15: =_xlfn.XLOOKUP(A15,'[1]ESCALA DE PRODUÇÃO'!$AL$1:$AL$1048566,'[1]ESCALA DE PRODUÇÃO'!$AK$1:$AK$1048566,"0") -> KG/0001 | E15: =('[1]ESCALA DE PRODUÇÃO'!S14) -> 0.15 | F15: =IFERROR(C15/E15,"0") -> 6.6666667 | G15: =_xlfn.XLOOKUP(A15,'[1]ESCALA DE PRODUÇÃO'!$AL$1:$AL$1048566,'[1]ESCALA DE PRODUÇÃO'!$AM$1:$AM$1048566,"SEM PREÇO") -> 34.9 | H15: =IFERROR(C15*G15,"0") -> 34.9 | I15: =_xlfn.XLOOKUP(A15,'DADOS DE VENDA'!S:S,'DADOS DE VENDA'!V:V,"SEM VENDA") -> 2.16 | J15: =IFERROR(I15/E15,"0") -> 14.4 | K15: =IFERROR(I15*G15,"0") -> 75.384 | L15: =_xlfn.XLOOKUP(A15,'DADOS DE VENDA'!S:S,'DADOS DE VENDA'!W:W,"RUPTURA NO PERIODO") -> 15/01 a 016/01 | M15: {=_xlfn.IFS(C15<I15,"ABAIXO",C15>I15,"ACIMA",C15=I15,"OK")} -> ABAIXO | P15: =(A15) -> 8328 | Q15: =_xlfn.XLOOKUP(P15,'[1]ESCALA DE PRODUÇÃO'!$AL$1:$AL$1048566,'[1]ESCALA DE PRODUÇÃO'!$AJ$1:$AJ$1048566,"NÃO ENCOTRADO") -> 008328 - ROTISSERIA FEIJAO BENDITO KG | R15: =C15 -> 1 | S15: =(F15) -> 6.6666667
A16: =('[1]ESCALA DE PRODUÇÃO'!Q15) -> 0 | B16: =_xlfn.XLOOKUP(A16,'[1]ESCALA DE PRODUÇÃO'!$AL$1:$AL$1048566,'[1]ESCALA DE PRODUÇÃO'!$AJ$1:$AJ$1048566,"NÃO ENCOTRADO") -> NÃO ENCOTRADO | C16: 0 | D16: =_xlfn.XLOOKUP(A16,'[1]ESCALA DE PRODUÇÃO'!$AL$1:$AL$1048566,'[1]ESCALA DE PRODUÇÃO'!$AK$1:$AK$1048566,"0") -> 0 | E16: =('[1]ESCALA DE PRODUÇÃO'!S15) -> 0 | F16: =IFERROR(C16/E16,"0") -> 0 | G16: =_xlfn.XLOOKUP(A16,'[1]ESCALA DE PRODUÇÃO'!$AL$1:$AL$1048566,'[1]ESCALA DE PRODUÇÃO'!$AM$1:$AM$1048566,"SEM PREÇO") -> SEM PREÇO | H16: =IFERROR(C16*G16,"0") -> 0 | I16: =_xlfn.XLOOKUP(A16,'DADOS DE VENDA'!S:S,'DADOS DE VENDA'!V:V,"SEM VENDA") -> SEM VENDA | J16: =IFERROR(I16/E16,"0") -> 0 | K16: =IFERROR(I16*G16,"0") -> 0 | L16: =_xlfn.XLOOKUP(A16,'DADOS DE VENDA'!S:S,'DADOS DE VENDA'!W:W,"RUPTURA NO PERIODO") -> RUPTURA NO PERIODO | M16: {=_xlfn.IFS(C16<I16,"ABAIXO",C16>I16,"ACIMA",C16=I16,"OK")} -> ABAIXO | P16: =(A16) -> 0 | Q16: =_xlfn.XLOOKUP(P16,'[1]ESCALA DE PRODUÇÃO'!$AL$1:$AL$1048566,'[1]ESCALA DE PRODUÇÃO'!$AJ$1:$AJ$1048566,"NÃO ENCOTRADO") -> NÃO ENCOTRADO | R16: =C16 -> 0 | S16: =(F16) -> 0
A17: COD | B17: MONO GUARNIÇÃO | C17: QTD | D17: KG/UN | E17: P.PADRÃO | F17: Q.PCT | G17: PREÇO | H17: TOTAL | I17: VENDA QTD | J17: EM PCT | K17: EM VALORES | L17: PERIODO BASE | M17: STATUS | P17: COD | Q17: MONO GUARNIÇÃO | R17: QTD | S17: Q.PCT
A18: =('[1]ESCALA DE PRODUÇÃO'!Q17) -> 8598 | B18: =_xlfn.XLOOKUP(A18,'[1]ESCALA DE PRODUÇÃO'!$AL$1:$AL$1048566,'[1]ESCALA DE PRODUÇÃO'!$AJ$1:$AJ$1048566,"NÃO ENCOTRADO") -> 008598 - ROTISSERIA PURE DE BATATA BENDITO KG | C18: 1.5 | D18: =_xlfn.XLOOKUP(A18,'[1]ESCALA DE PRODUÇÃO'!$AL$1:$AL$1048566,'[1]ESCALA DE PRODUÇÃO'!$AK$1:$AK$1048566,"0") -> KG/0001 | E18: =('[1]ESCALA DE PRODUÇÃO'!S17) -> 0.15 | F18: =IFERROR(C18/E18,"0") -> 10 | G18: =_xlfn.XLOOKUP(A18,'[1]ESCALA DE PRODUÇÃO'!$AL$1:$AL$1048566,'[1]ESCALA DE PRODUÇÃO'!$AM$1:$AM$1048566,"SEM PREÇO") -> 48.9 | H18: =IFERROR(C18*G18,"0") -> 73.35 | I18: =_xlfn.XLOOKUP(A18,'DADOS DE VENDA'!S:S,'DADOS DE VENDA'!V:V,"SEM VENDA") -> 0.44 | J18: =IFERROR(I18/E18,"0") -> 2.9333333 | K18: =IFERROR(I18*G18,"0") -> 21.516 | L18: =_xlfn.XLOOKUP(A18,'DADOS DE VENDA'!S:S,'DADOS DE VENDA'!W:W,"RUPTURA NO PERIODO") -> 15/01 a 016/01 | M18: {=_xlfn.IFS(C18<I18,"ABAIXO",C18>I18,"ACIMA",C18=I18,"OK")} -> ACIMA | P18: =(A18) -> 8598 | Q18: =_xlfn.XLOOKUP(P18,'[1]ESCALA DE PRODUÇÃO'!$AL$1:$AL$1048566,'[1]ESCALA DE PRODUÇÃO'!$AJ$1:$AJ$1048566,"NÃO ENCOTRADO") -> 008598 - ROTISSERIA PURE DE BATATA BENDITO KG | R18: =C18 -> 1.5 | S18: =(F18) -> 10
A19: =('[1]ESCALA DE PRODUÇÃO'!Q18) -> 8080 | B19: =_xlfn.XLOOKUP(A19,'[1]ESCALA DE PRODUÇÃO'!$AL$1:$AL$1048566,'[1]ESCALA DE PRODUÇÃO'!$AJ$1:$AJ$1048566,"NÃO ENCOTRADO") -> 008080 - ROTISSERIA BANANA BENDITO KG | C19: 1 | D19: =_xlfn.XLOOKUP(A19,'[1]ESCALA DE PRODUÇÃO'!$AL$1:$AL$1048566,'[1]ESCALA DE PRODUÇÃO'!$AK$1:$AK$1048566,"0") -> KG/0001 | E19: =('[1]ESCALA DE PRODUÇÃO'!S18) -> 0.12 | F19: =IFERROR(C19/E19,"0") -> 8.3333333 | G19: =_xlfn.XLOOKUP(A19,'[1]ESCALA DE PRODUÇÃO'!$AL$1:$AL$1048566,'[1]ESCALA DE PRODUÇÃO'!$AM$1:$AM$1048566,"SEM PREÇO") -> 31.9 | H19: =IFERROR(C19*G19,"0") -> 31.9 | I19: =_xlfn.XLOOKUP(A19,'DADOS DE VENDA'!S:S,'DADOS DE VENDA'!V:V,"SEM VENDA") -> 0.43 | J19: =IFERROR(I19/E19,"0") -> 3.5833333 | K19: =IFERROR(I19*G19,"0") -> 13.717 | L19: =_xlfn.XLOOKUP(A19,'DADOS DE VENDA'!S:S,'DADOS DE VENDA'!W:W,"RUPTURA NO PERIODO") -> 15/01 a 016/01 | M19: {=_xlfn.IFS(C19<I19,"ABAIXO",C19>I19,"ACIMA",C19=I19,"OK")} -> ACIMA | P19: =(A19) -> 8080 | Q19: =_xlfn.XLOOKUP(P19,'[1]ESCALA DE PRODUÇÃO'!$AL$1:$AL$1048566,'[1]ESCALA DE PRODUÇÃO'!$AJ$1:$AJ$1048566,"NÃO ENCOTRADO") -> 008080 - ROTISSERIA BANANA BENDITO KG | R19: =C19 -> 1 | S19: =(F19) -> 8.3333333
A20: =('[1]ESCALA DE PRODUÇÃO'!Q19) -> 8323 | B20: =_xlfn.XLOOKUP(A20,'[1]ESCALA DE PRODUÇÃO'!$AL$1:$AL$1048566,'[1]ESCALA DE PRODUÇÃO'!$AJ$1:$AJ$1048566,"NÃO ENCOTRADO") -> 008323 - ROTISSERIA FAROFA BENDITO KG | C20: 1 | D20: =_xlfn.XLOOKUP(A20,'[1]ESCALA DE PRODUÇÃO'!$AL$1:$AL$1048566,'[1]ESCALA DE PRODUÇÃO'!$AK$1:$AK$1048566,"0") -> KG/0001 | E20: =('[1]ESCALA DE PRODUÇÃO'!S19) -> 0.12 | F20: =IFERROR(C20/E20,"0") -> 8.3333333 | G20: =_xlfn.XLOOKUP(A20,'[1]ESCALA DE PRODUÇÃO'!$AL$1:$AL$1048566,'[1]ESCALA DE PRODUÇÃO'!$AM$1:$AM$1048566,"SEM PREÇO") -> 54.9 | H20: =IFERROR(C20*G20,"0") -> 54.9 | I20: =_xlfn.XLOOKUP(A20,'DADOS DE VENDA'!S:S,'DADOS DE VENDA'!V:V,"SEM VENDA") -> 0.94 | J20: =IFERROR(I20/E20,"0") -> 7.8333333 | K20: =IFERROR(I20*G20,"0") -> 51.606 | L20: =_xlfn.XLOOKUP(A20,'DADOS DE VENDA'!S:S,'DADOS DE VENDA'!W:W,"RUPTURA NO PERIODO") -> 15/01 a 016/01 | M20: {=_xlfn.IFS(C20<I20,"ABAIXO",C20>I20,"ACIMA",C20=I20,"OK")} -> ACIMA | P20: =(A20) -> 8323 | Q20: =_xlfn.XLOOKUP(P20,'[1]ESCALA DE PRODUÇÃO'!$AL$1:$AL$1048566,'[1]ESCALA DE PRODUÇÃO'!$AJ$1:$AJ$1048566,"NÃO ENCOTRADO") -> 008323 - ROTISSERIA FAROFA BENDITO KG | R20: =C20 -> 1 | S20: =(F20) -> 8.3333333
A21: COD | B21: MONO PROTEINAS | C21: QTD | D21: KG/UN | E21: P.PADRÃO | F21: Q.PCT | G21: PREÇO | H21: TOTAL | I21: VENDA QTD | J21: EM PCT | K21: EM VALORES | L21: PERIODO BASE | M21: STATUS | P21: COD | Q21: MONO PROTEINAS | R21: QTD | S21: Q.PCT
A22: =('[1]ESCALA DE PRODUÇÃO'!Q21) -> 8804 | B22: =_xlfn.XLOOKUP(A22,'[1]ESCALA DE PRODUÇÃO'!$AL$1:$AL$1048566,'[1]ESCALA DE PRODUÇÃO'!$AJ$1:$AJ$1048566,"NÃO ENCOTRADO") -> 008804 - ROTISSERIA SOBRECOXA RECHEADA BENDITO KG | C22: 2.5 | D22: =_xlfn.XLOOKUP(A22,'[1]ESCALA DE PRODUÇÃO'!$AL$1:$AL$1048566,'[1]ESCALA DE PRODUÇÃO'!$AK$1:$AK$1048566,"0") -> KG/0001 | E22: =('[1]ESCALA DE PRODUÇÃO'!S21) -> 0.2 | F22: =IFERROR(C22/E22,"0") -> 12.5 | G22: =_xlfn.XLOOKUP(A22,'[1]ESCALA DE PRODUÇÃO'!$AL$1:$AL$1048566,'[1]ESCALA DE PRODUÇÃO'!$AM$1:$AM$1048566,"SEM PREÇO") -> 49.9 | H22: =IFERROR(C22*G22,"0") -> 124.75 | I22: =_xlfn.XLOOKUP(A22,'DADOS DE VENDA'!S:S,'DADOS DE VENDA'!V:V,"SEM VENDA") -> SEM VENDA | J22: =IFERROR(I22/E22,"0") -> 0 | K22: =IFERROR(I22*G22,"0") -> 0 | L22: =_xlfn.XLOOKUP(A22,'DADOS DE VENDA'!S:S,'DADOS DE VENDA'!W:W,"RUPTURA NO PERIODO") -> RUPTURA NO PERIODO | M22: {=_xlfn.IFS(C22<I22,"ABAIXO",C22>I22,"ACIMA",C22=I22,"OK")} -> ABAIXO | P22: =(A22) -> 8804 | Q22: =_xlfn.XLOOKUP(P22,'[1]ESCALA DE PRODUÇÃO'!$AL$1:$AL$1048566,'[1]ESCALA DE PRODUÇÃO'!$AJ$1:$AJ$1048566,"NÃO ENCOTRADO") -> 008804 - ROTISSERIA SOBRECOXA RECHEADA BENDITO KG | R22: =C22 -> 2.5 | S22: =(F22) -> 12.5
A23: =('[1]ESCALA DE PRODUÇÃO'!Q23) -> 0 | B23: =_xlfn.XLOOKUP(A23,'[1]ESCALA DE PRODUÇÃO'!$AL$1:$AL$1048566,'[1]ESCALA DE PRODUÇÃO'!$AJ$1:$AJ$1048566,"NÃO ENCOTRADO") -> NÃO ENCOTRADO | C23: 0 | D23: =_xlfn.XLOOKUP(A23,'[1]ESCALA DE PRODUÇÃO'!$AL$1:$AL$1048566,'[1]ESCALA DE PRODUÇÃO'!$AK$1:$AK$1048566,"0") -> 0 | E23: =('[1]ESCALA DE PRODUÇÃO'!S23) -> 0 | F23: =IFERROR(C23/E23,"0") -> 0 | G23: =_xlfn.XLOOKUP(A23,'[1]ESCALA DE PRODUÇÃO'!$AL$1:$AL$1048566,'[1]ESCALA DE PRODUÇÃO'!$AM$1:$AM$1048566,"SEM PREÇO") -> SEM PREÇO | H23: =IFERROR(C23*G23,"0") -> 0 | I23: =_xlfn.XLOOKUP(A23,'DADOS DE VENDA'!S:S,'DADOS DE VENDA'!V:V,"SEM VENDA") -> SEM VENDA | J23: =IFERROR(I23/E23,"0") -> 0 | K23: =IFERROR(I23*G23,"0") -> 0 | L23: =_xlfn.XLOOKUP(A23,'DADOS DE VENDA'!S:S,'DADOS DE VENDA'!W:W,"RUPTURA NO PERIODO") -> RUPTURA NO PERIODO | M23: {=_xlfn.IFS(C23<I23,"ABAIXO",C23>I23,"ACIMA",C23=I23,"OK")} -> ABAIXO | P23: =(A23) -> 0 | Q23: =_xlfn.XLOOKUP(P23,'[1]ESCALA DE PRODUÇÃO'!$AL$1:$AL$1048566,'[1]ESCALA DE PRODUÇÃO'!$AJ$1:$AJ$1048566,"NÃO ENCOTRADO") -> NÃO ENCOTRADO | R23: =C23 -> 0 | S23: =(F23) -> 0
A24: =('[1]ESCALA DE PRODUÇÃO'!Q24) -> 8519 | B24: =_xlfn.XLOOKUP(A24,'[1]ESCALA DE PRODUÇÃO'!$AL$1:$AL$1048566,'[1]ESCALA DE PRODUÇÃO'!$AJ$1:$AJ$1048566,"NÃO ENCOTRADO") -> 008519 - ROTISSERIA COXINHA BUFALO WINGS KG | C24: 0 | D24: =_xlfn.XLOOKUP(A24,'[1]ESCALA DE PRODUÇÃO'!$AL$1:$AL$1048566,'[1]ESCALA DE PRODUÇÃO'!$AK$1:$AK$1048566,"0") -> KG/0001 | E24: =('[1]ESCALA DE PRODUÇÃO'!S24) -> 0 | F24: =IFERROR(C24/E24,"0") -> 0 | G24: =_xlfn.XLOOKUP(A24,'[1]ESCALA DE PRODUÇÃO'!$AL$1:$AL$1048566,'[1]ESCALA DE PRODUÇÃO'!$AM$1:$AM$1048566,"SEM PREÇO") -> 54.9 | H24: =IFERROR(C24*G24,"0") -> 0 | I24: =_xlfn.XLOOKUP(A24,'DADOS DE VENDA'!S:S,'DADOS DE VENDA'!V:V,"SEM VENDA") -> SEM VENDA | J24: =IFERROR(I24/E24,"0") -> 0 | K24: =IFERROR(I24*G24,"0") -> 0 | L24: =_xlfn.XLOOKUP(A24,'DADOS DE VENDA'!S:S,'DADOS DE VENDA'!W:W,"RUPTURA NO PERIODO") -> RUPTURA NO PERIODO | M24: {=_xlfn.IFS(C24<I24,"ABAIXO",C24>I24,"ACIMA",C24=I24,"OK")} -> ABAIXO | P24: =(A24) -> 8519 | Q24: =_xlfn.XLOOKUP(P24,'[1]ESCALA DE PRODUÇÃO'!$AL$1:$AL$1048566,'[1]ESCALA DE PRODUÇÃO'!$AJ$1:$AJ$1048566,"NÃO ENCOTRADO") -> 008519 - ROTISSERIA COXINHA BUFALO WINGS KG | R24: =C24 -> 0 | S24: =(F24) -> 0
A25: COD | B25: SALADAS COZIDAS | C25: QTD | D25: KG/UN | E25: P.PADRÃO | F25: Q.PCT | G25: PREÇO | H25: TOTAL | I25: VENDA QTD | J25: EM PCT | K25: EM VALORES | L25: PERIODO BASE | M25: STATUS | P25: COD | Q25: SALADAS COZIDAS | R25: QTD | S25: Q.PCT
A26: ='[1]ESCALA DE PRODUÇÃO'!Q26 -> 8671 | B26: =_xlfn.XLOOKUP(A26,'[1]ESCALA DE PRODUÇÃO'!$AL$1:$AL$1048566,'[1]ESCALA DE PRODUÇÃO'!$AJ$1:$AJ$1048566,"NÃO ENCOTRADO") -> 008671 - ROTISSERIA SALADA BATATONESE BENDITO KG | C26: 5 | D26: =_xlfn.XLOOKUP(A26,'[1]ESCALA DE PRODUÇÃO'!$AL$1:$AL$1048566,'[1]ESCALA DE PRODUÇÃO'!$AK$1:$AK$1048566,"0") -> KG/0001 | E26: =('[1]ESCALA DE PRODUÇÃO'!S26) -> 0.35 | F26: =IFERROR(C26/E26,"0") -> 14.285714 | G26: =_xlfn.XLOOKUP(A26,'[1]ESCALA DE PRODUÇÃO'!$AL$1:$AL$1048566,'[1]ESCALA DE PRODUÇÃO'!$AM$1:$AM$1048566,"SEM PREÇO") -> 38.9 | H26: =IFERROR(C26*G26,"0") -> 194.5 | I26: =_xlfn.XLOOKUP(A26,'DADOS DE VENDA'!S:S,'DADOS DE VENDA'!V:V,"SEM VENDA") -> 0.74 | J26: =IFERROR(I26/E26,"0") -> 2.1142857 | K26: =IFERROR(I26*G26,"0") -> 28.786 | L26: =_xlfn.XLOOKUP(A26,'DADOS DE VENDA'!S:S,'DADOS DE VENDA'!W:W,"RUPTURA NO PERIODO") -> 0 | M26: {=_xlfn.IFS(C26<I26,"ABAIXO",C26>I26,"ACIMA",C26=I26,"OK")} -> ACIMA | P26: =(A26) -> 8671 | Q26: =_xlfn.XLOOKUP(P26,'[1]ESCALA DE PRODUÇÃO'!$AL$1:$AL$1048566,'[1]ESCALA DE PRODUÇÃO'!$AJ$1:$AJ$1048566,"NÃO ENCOTRADO") -> 008671 - ROTISSERIA SALADA BATATONESE BENDITO KG | R26: =C26 -> 5 | S26: =(F26) -> 14.285714
